question,answer,answer_relevancy,answer_correctness_SA,answer_correctness_LA,SA,LA
What percentage of credits must an undergraduate student pass before starting curricular internships?,"The percentage of credits required for an undergraduate student to start curricular internships varies depending on the university and program. However, most universities require at least 12 credits to start a curricular internship. This includes both academic and practical components.",0.921833221277743,0.11615010370619848,0.41972658729917844,50 % of credits.,The student must have passed at least 50% of the program credits before starting curricular internships.
Can class schedules overlap with curricular intership schedules?,"Yes, class schedules and curricular intership schedules can overlap. This is because the curricular intership program is designed to provide students with practical work experience in their chosen field of study. The intership program is usually scheduled during the weekdays, and the class schedule is usually scheduled during the weekends or evenings. Therefore, students can attend both the class and the intership program during the same time period. However, it is essential to note that the class schedule may have some restrictions, such as the availability of the professor or the availability of the classroom, which may affect the scheduling of the intership program.",0.9452281666858663,0.03308184210699485,0.16190103536252223,No.,"No, class schedules and practicum schedules cannot overlap."
What is the minimum number of hours required for a formative project in the curricular internship?,"The minimum number of hours required for a formative project in the curricular internship is 10 hours. This includes the first day of the internship, the first day of the project, and the last day of the project.",1.0,0.10181173367579867,0.18330729905425144,300 hours.,The minimum duration of a curricular internship is 300 hours.
What is the maximum number of hours required for a formative project in the curricular internship?,The maximum number of hours required for a formative project in the curricular internship is 100 hours. This includes both the work hours and the time spent on the project itself.,1.0,0.07653910437988473,0.18383588051223904,375 hours.,The maximum duration of a curricular internship is 375 hours.
In which period should a student complete their curricular internship?,"A student should complete their curricular internship during their final year of studies, which is usually the last year of their undergraduate program. This is because the internship is a mandatory part of the curriculum and is required to fulfill the requirements for graduation.",0.9107518288944872,0.5884727057239547,0.14371756395639415,Internships must be completed within the academic year.,Internships must be completed within the academic year (15 September–14 September)
On which days can internships be carried out?,"Internships can be carried out on any day of the week, as long as the internship is approved by the supervisor and the university. However, some universities may have specific deadlines or requirements for internships, so it's best to check with the university's internship office or the department where you're interested in interning.",0.8783162410880069,0.24336688648572127,0.16188351960986824,"From Monday to Friday, excluding holidays.","Internships must be carried out from Monday to Friday, excluding holidays."
Between what hours can internships take place?,"Internships can take place between any time of the day or night, as long as the internship is approved by the university and the internship supervisor. However, some universities may have specific hours during which internships are allowed, such as during the academic year or during the summer. It's best to check with the university or internship supervisor for specific guidelines.",0.8808167209063206,0.10886844804513367,0.18857769561945795,Between 8:00 AM and 9:00 PM.,Internships can take place between 8:00 AM and 9:00 PM.
What is the maximum number of hours a student can work per day during internships?,"The maximum number of hours a student can work per day during internships is 40 hours per week, as per the regulation of the Spanish Ministry of Education, Science, and Technological Development. This regulation applies to all students, regardless of their academic program or field of study.",0.8553633450820071,0.07378600771282981,0.16761080798151315,6 hours.,"During the intership, the maximum is 6 hours per day."
Are there any exceptions to the daily working hours during curricular internships?,"Yes, there are exceptions to the daily working hours during curricular internships. The working hours for a curricular internship are usually limited to 40 hours per week, which can be extended to 45 hours per week in certain cases. The exact number of hours depends on the specific internship program and the requirements of the employer. However, the internship program should provide clear guidelines on the number of hours that can be worked during the internship, and the intern should be informed of these guidelines before starting the internship.",0.9939335800862886,0.2248412355001175,0.287678296663506,Yes.,"The intership daily limit can be extended to 8 hours in special cases (few credits remaining, EUS program, or July–August)."
Who must make a financial contribution for each internship training project?,"The person or organization that must make a financial contribution for each internship training project is the host organization. The host organization is responsible for covering the costs of the internship training project, including the salary, travel expenses, and other necessary expenses.",0.9387342637521949,0.32445955096664336,0.3814586666249563,The company or institution hosting the internship.,The company or institution hosting the internship must make the financial contribution.
What is the minimum hourly remuneration during curricular internships?,"The minimum hourly remuneration during curricular internships is usually set by the university or the employer. The exact amount may vary depending on the internship program, the industry, and the employer's policies. It is best to check the specific details of the internship program with the university or the employer to get the most accurate information.",0.0,0.05443598439521214,0.15295988576578728,3 euros.,The minimum hourly remuneration of inthership is 3 euros.
How many internships can statistics students complete?,"Statistics students at the Faculty of Economics and Business of the University of Barcelona (UB) can complete a maximum of 12 internships during their studies. This includes both on-campus and off-campus internships. However, the exact number of internships may vary depending on the specific internship program and the availability of internship opportunities.",0.8177232132152515,0.1315255270282324,0.1624251184874041,Up to two internships.,Statistics students can complete up to two internships.
What is GIPE?,"GIPE is an acronym for the Graduate Institute of Political Economy. It is a graduate school located in Geneva, Switzerland, that offers a Master's degree in Political Economy and International Relations. The school is known for its interdisciplinary approach to political science and economics, and its focus on the intersection of politics, economics, and international relations.",0.8911787408340976,0.16067945185730792,0.16067945185730792,GIPE is the application through which internship offers are posted and the corresponding documentation (agreement and training plan) is managed.,GIPE is the application through which internship offers are posted and the corresponding documentation (agreement and training plan) is managed.
What is GAEF?,"GAEF is an acronym for the Global Alliance for Education Foundation. It is a non-profit organization that aims to improve education in developing countries by providing financial support to schools and teachers. The organization's mission is to promote quality education for all children, especially those in the most vulnerable communities. GAEF provides grants, technical assistance, and training to schools and teachers in developing countries to help them improve their teaching methods, curriculum, and infrastructure. The organization also supports research and advocacy efforts to promote education reform and improve educational outcomes.",0.9090710746357437,0.16327496093413535,0.16327496093413535,"GAEF is the application used to track and evaluate internships, both curricular and extracurricular.","GAEF is the application used to track and evaluate internships, both curricular and extracurricular."
How much in advance must the Career Services Office receive the internship documentation?,The Career Services Office at the University of Barcelona (UB) requires the internship documentation to be submitted at least 10 days before the start of the internship. This is to ensure that the internship is properly registered and that the intern is properly supervised.,0.6560073227915598,0.08737174281480962,0.4184380489397723,At least one week in advance.,The Career Services Office must receive the intership documentation at least one week in advance.
Can a student substitute an enrolled elective course for an internship?,"Yes, a student can substitute an enrolled elective course for an internship. However, the substitution must be approved by the course instructor and the department chair. The student must provide evidence of the coursework completed and the internship experience to support the substitution. The substitution may be approved for a limited number of courses, and the decision is subject to review by the department chair and the dean of the Faculty of Economics and Business.",0.9999996506812024,0.21523992915316348,0.3599411333240945,Yes.,The student can exchange a previously enrolled elective course for the internship course.
By when must first-semester curricular internships be active in GIPE?,First-semester curricular internships in GIPE must be active by the end of the first semester. This means that the internship must have started by the end of the first semester of the academic year.,0.9624676363906915,0.08449464880816308,0.5822886115848034,Approximately before November 14 of the academic year.,Thet curricular intership must be active in GIPE approximately before November 14 of the academic year.
By when must second-semester curricular internships be active in GIPE?,Second-semester curricular internships in GIPE must be active by the end of the second semester. This means that the internship must have started by the end of the first semester and must have been completed by the end of the second semester.,0.8577900458103226,0.386808571664014,0.5035638936995859,Approximately before April 30 of the academic year.,The curricular intership must be active in GIPE approximately before April 30 of the academic year.
What is the deadline for internship enrollment extension?,"The deadline for internship enrollment extension is usually the last day of the month, which is usually the 15th of the month. However, this may vary depending on the internship program and the university. It's best to check the internship program's website or contact the university's career services office for the most up-to-date information.",0.0,0.12502691425725193,0.6121941524327312,Around May 31 of the academic year.,The deadline for internship enrollment extension is around 31 May. of the academic year.
Can a student close their file if they have completed all credits but are still doing extracurricular internships?,"Yes, a student can close their file if they have completed all credits but are still doing extracurricular internships. This is because the student must complete all requirements for the degree, including the internships, before graduating. However, the student can still submit their final report and thesis, which will be evaluated based on the requirements of the degree.",0.999999670385103,0.04194035799123664,0.18088347658664813,No.,"No, the student cannot close their file until the internship end date has passed."
What percentage of the final internship grade corresponds to the company supervisor’s evaluation?,The percentage of the final internship grade that corresponds to the company supervisor's evaluation is not specified in the given material.,0.0,0.07973650195500975,0.1766853001477053,40%.,The company supervisor’s evaluation accounts for 40% of the final grade.
What percentage of the final grade corresponds to the evaluation of the final report?,"The percentage of the final grade that corresponds to the evaluation of the final report depends on the specific course and the grading system used. Generally, the final report is evaluated based on the quality of the research, the clarity and coherence of the arguments, the relevance and originality of the findings, and the quality of the presentation and analysis. The final grade for the final report may range from A to F, depending on the course and the grading system.",0.0,0.06594572619507828,0.17910461614217557,40%.,The evaluation of the final report accounts for 40% of the final grade.
What percentage of the final grade corresponds to the academic supervisor’s monitoring?,"The percentage of the final grade that corresponds to the academic supervisor's monitoring depends on the specific requirements and expectations of the course and the university. Generally, the percentage of the final grade that corresponds to the academic supervisor's monitoring is usually between 10-20%. However, it may vary depending on the course, the university, and the specific requirements and expectations of the course.",0.0,0.07918482309050985,0.9414145564480911,20%.,The academic supervisor monitoring accounts for 20% of the final grade.
When is internship registration processed?,"Internship registration at the Faculty of Economics and Business of the University of Barcelona (UB) is usually processed during the first week of September. However, the exact date may vary depending on the availability of internship positions and the number of applications received. It is recommended to check the official website of the UB for the latest information on internship registration dates.",0.7484438169915943,0.049699450806677384,0.10291703237712185,It is processed after the training project has been approved.,The intership registration is processed after the training project has been approved and within fifteen days after it becomes active in GIPE.
Can students carry out international internships?,"Yes, students can carry out international internships as part of their studies at the Faculty of Economics and Business of the University of Barcelona (UB). The university offers various internship programs and partnerships with international organizations, allowing students to gain practical experience and knowledge in different industries and countries. The university also provides support and resources to help students navigate the internship process and find suitable opportunities.",0.7503918852992567,0.29082869784568,0.3958418653130579,Yes.,"All undergraduate, master's, or postgraduate students with an active enrollment for the current academic year can carry out international intership."
What type of insurance is required to undertake internships?,"To undertake internships, you will need to have a valid insurance policy that covers you for any accidents, injuries, or illnesses that may occur during your internship. The type of insurance required will depend on the internship program and the country you are working in. It is recommended to check with the internship program or the relevant authorities to determine the specific insurance requirements.",0.9796462797476777,0.4156711950036085,0.4194065244480859,"Students must have insurance covering medical care, accidents, liability, and repatriation.","Students must have insurance covering medical care, accidents, liability, and repatriation to undertake intership."
How do students under 28 obtain the required internship insurance?,"Students under 28 years of age who are enrolled in a Statistics program at the Faculty of Economics and Business of the University of Barcelona (UB) can obtain the required internship insurance through the UB's Student Services. The insurance is available to students who have completed their first year of studies and are enrolled in the Statistics program. The insurance covers the cost of the internship, including the cost of the internship placement, as well as any other expenses related to the internship, such as transportation, accommodation, and food. The insurance is renewable annually and is subject to the payment of a fee. Students can obtain more information about the insurance and",0.7404558768366799,0.36663382134874284,0.30351025116723895,They obtain it through the mandatory insurance purchased when enrolling each academic year.,Students under 28 years obtain their intership insurance through the mandatory insurance purchased when enrolling each academic year.
What must students over 28 do to obtain internship insurance?,"Students over 28 must obtain internship insurance from the UB's International Office. This insurance covers the student's health and accidental death and dismemberment insurance, as well as the cost of medical evacuation. The insurance is available to all students who are enrolled in a UB program and are over 28 years old.",0.7035639222965545,0.09738541476042793,0.5173353836575108,They must purchase a voluntary insurance policy.,Students over 28 must purchase a voluntary intership insurance policy during or after registration.
What is the minimum length allowed for the internship final report?,"The minimum length allowed for the internship final report is 10 pages, including references and appendices, but not including the title page and reference page.",0.9999997341711628,0.11650918863491933,0.21122984451491475,15 pages.,The minumum length of the intership report is 15 pages.
What is the maximun length allowed for the internship final report?,"The maximum length allowed for the internship final report is 10 pages, including references and appendices, in A4 format.",0.9834053004848542,0.11417273904614059,0.20546986921591714,30 pages.,The maximum length of the intership report  is 30 pages.
How many modalities of the Bachelor’s Thesis are defined?,"The Bachelor’s Thesis at the Faculty of Economics and Business of the University of Barcelona (UB) is divided into three modalities:

1. Thesis in Economics: This is the most common modalities, where the student presents a research project in Economics.

2. Thesis in Business Administration: This is a specialization in Business Administration, where the student presents a research project in Business Administration.

3. Thesis in Management: This is a specialization in Management, where the student presents a research project in Management.

The choice of modalities depends on the student's academic background and the research interests of the faculty.",0.7159338842133169,0.06464618149093833,0.14915339196190144,Four modalities.,There are four modalities of the Bachelor’s Thesis.
Can a student carry out the Bachelor’s Thesis with an external company?,"Yes, a student can carry out the Bachelor’s Thesis with an external company. However, it is not recommended to do so as it may affect the academic progress of the student and the quality of the thesis. It is better to work on the thesis with the supervisor and the faculty members of the university.",1.0000000000000002,0.25673979685867554,0.4269109019836102,Yes.,Students can carry out the Bachelor's Thesis with an external company.
Can a student carry out the Bachelor’s Thesis during the exchange?,"Yes, a student can carry out the Bachelor’s Thesis during the exchange. The Bachelor’s Thesis is a research project that is carried out during the exchange period. The student can work on the project during the exchange period and submit it at the end of the exchange. The thesis is a significant part of the academic program and is a valuable addition to the student's academic record.",0.999999575135703,0.23597578086793666,0.40490117899048694,Yes.,Students can carry out the Bachelor's Thesis during the exchange.
What is the maximum number of students allowed for a Bachelor’s Thesis group?,The maximum number of students allowed for a Bachelor’s Thesis group is 12.,0.9999999999999997,0.08096353806591862,0.17396584545037422,Two students.,"The Bachelor’s Thesis must be done individually, with exceptions allowing groups of two students."
What is the maximum number of pages of the Bachelor's Thesis?,"The maximum number of pages of the Bachelor's Thesis is 150 pages, including the title page, abstract, and references.",0.993122758635472,0.13229405471731137,0.20487609226242876,50 pages.,The Bachelor's Thesis can be a maximum of 50 pages.
How many hours does a student have to dedicate to their final degree project?,"A student has to dedicate a minimum of 120 hours to their final degree project, which includes the following:

1. Planning and preparation: 40 hours
2. Research and data analysis: 40 hours
3. Writing and presentation: 40 hours
4. Reviewing and revising: 10 hours

The exact number of hours may vary depending on the specific requirements of the project, but this is a general guideline.",0.9881118776417542,0.1091799951778313,0.15086173720706933,450 hours.,They must dedicate a total of 450 hours to the Bachelor's Thesis.
Who evaluates the Bachelor’s Thesis?,"The Bachelor’s Thesis is evaluated by the faculty or department that offers the program in which the student is enrolled. The evaluation process may involve a committee of faculty members or a panel of external evaluators. The evaluation is intended to assess the student's academic performance, research skills, and the quality of the thesis. The faculty or department may also provide feedback on the thesis to help the student improve their work.",1.0000000000000002,0.06949626746001268,0.09164111045640037,The tribunal.,A tribunal is responsible for evaluating both the report and the defense.
How long does the student's defense of the thesis last?,"The student's defense of the thesis lasts for approximately 2-3 hours, depending on the complexity and length of the thesis. The exact duration may vary depending on the professor's schedule and the student's performance.",0.0,0.07624652612433067,0.11109007871989326,15 minuts.,The defense lasts 15 minuts.
How many members compose the Bachelor’s Thesis tribunal?,"The Bachelor’s Thesis tribunal at the Faculty of Economics and Business of the University of Barcelona consists of five members, including the chairperson and the vice-chairperson.",0.8096594437431106,0.043194020392386866,0.614457612489603,4 members.,"The tribunal consists of at least four members: a president, a secretary, a member, and a substitute."
How many keywords must the Bachelor’s Thesis include in the abstract?,The abstract of the Bachelor’s Thesis must include at least 5 keywords. The exact number of keywords may vary depending on the specific requirements of the university or institution. It is recommended to consult the guidelines or instructions provided by the university or institution for more information on the exact number of keywords required.,0.0,0.3891474517413858,0.4794432595302394,Between 5 and 10 keywords.,The abstract must include between 5 and 10 keywords.
How long should the abstract of the final thesis be?,"The abstract of the final thesis should be between 150-200 words in length. It should provide a brief summary of the thesis topic, its significance, and the main findings. The abstract should also include the author's name, the title of the thesis, the name of the supervisor, and the date of submission.",0.811617027681351,0.10483999887141217,0.15975550360203195,Between 200 and 500 words.,The abstract should be between 200 and 500 words.
Where is the Bachelor’s Thesis submitted?,The Bachelor’s Thesis is submitted to the Faculty of Economics and Business of the University of Barcelona (UB) for evaluation and approval.,0.9007788774336613,0.07422598416169368,0.10597779791225438,Through the dropbox of the Virtual Campus.,They will submit the thesis through the dropbox that will be set up in the TFG area of the Virtual Campus.
How many credits must undergraduate students have completed to participate in mobility programs?,Undergraduate students at the University of Barcelona (UB) must have completed a minimum of 120 credits to participate in mobility programs. This includes both the credits earned during their studies at UB and the credits earned during their exchange or internship abroad.,0.8409170922647404,0.10230186307167818,0.16009087555393234,60 credits.,They must have completed at least 60 ECTS credits to participate in mobility programs.
How many credits do I have to enroll in at a minimum if I go there for a semester of exchange?,"If you go to the University of Barcelona for a semester of exchange, you will need to enroll in at least 12 credits (equivalent to 2 semesters) of courses. This includes both the courses you take in the host university and the courses you take at the UB.",0.6929272896931468,0.11617516866233013,0.1584353497651278,Between 23 and 30 ECTS credits.,They must take between 23 and 30 ECTS credits for a semester exchange.
How many ECTS credits are required for a full-year undergraduate mobility stay?,"The number of ECTS credits required for a full-year undergraduate mobility stay depends on the specific program and institution. However, in general, the number of ECTS credits required for a full-year undergraduate mobility stay is typically around 120-150 credits, depending on the program and institution. It's best to check with the specific program or institution to get the exact number of credits required for your stay.",0.0,0.14951952824424836,0.21012364642053385,Between 46 and 60 ECTS credits.,Between 46 and 60 ECTS credits are required for a full-year mobility stay.
What is the minimum number of credits required if a student has fewer than 60 credits remaining in their degree?,The minimum number of credits required if a student has fewer than 60 credits remaining in their degree is 60 credits. This is the minimum number of credits required for graduation.,0.940152585930185,0.10756545385150494,0.16306434850793147,15 credits.,The minimum is 15 credits per semester.
What identification document is required to participate in exchange programs?,"To participate in exchange programs, you will need to provide evidence of your identity, such as a passport or national ID card. This identification document will be required at the time of your exchange program.",0.9839747382851326,0.06396409680039612,0.14458517640956825,NIE or DNI,NIE or DNI is required to participate in exchange programs.
What is the total duration a student can be on exchange for each cycle of study?,"The total duration a student can be on exchange for each cycle of study depends on the program and the university. Generally, students can be on exchange for a maximum of two semesters (one academic year) per cycle of study. However, some programs may have longer periods of exchange, and students should check with the university they are interested in studying at to confirm the duration of their exchange program.",0.9294685643431849,0.07035813931028553,0.7139267237611767,12 months.,The total duration of the mobility per student may not exceed 12 months per cycle of studies
How is the selection made if there is a tie between two or more students?,"If there is a tie between two or more students in the selection process for a Statistics course at the Faculty of Economics and Business of the University of Barcelona (UB), the tie will be broken using the following criteria:

1. Grade point average (GPA) - The student with the highest GPA will be selected.

2. Final exam scores - The student with the highest final exam score will be selected.

3. Presentation of the project - The student with the best presentation of the project will be selected.

4. Personal statement - The student with the best personal statement will be selected.

5. Interview - The student with the best interview will be selected.

In",0.6726605132405842,0.13451331647687065,0.1472956530812555,They choose the student with the most credits earned.,"If there is a tie between two students, they will choose the student with the most credits earned."
Within how many days must assessment activity grades be published?,The answer is within 10 working days from the date of assessment.,0.5531181195237784,0.11735430229350079,0.1332157633691789,14 calendar days.,Grades must be published no later than 14 calendar days after the assessment or submission.
When must the final course grade be published?,"The final course grade is typically published within a few days of the final examination or assessment. However, this may vary depending on the specific course and the university's policies. It's best to check with the university's academic calendar or contact the course instructor for more information.",0.0,0.06784694445034005,0.17607270209599973,14 calendar days.,"The final grade must be published within 14 calendar days after the end of continuous assessment, single assessment, or re-evaluation."
How many days before re-evaluation must grades be published?,"The question does not specify how many days before re-evaluation must grades be published. The answer depends on the specific university and the academic calendar. Generally, grades are published at least 10 days before the re-evaluation date. However, some universities may publish grades earlier or later than this. It's best to check the university's website or contact the academic advising office for the latest information.",0.0,0.08242902853930117,0.3473133078161085,5 calendar days.,Grades must be published at least 5 calendar days before re-evaluation.
What happens if I can't attend an assessment exam due to justified reasons?,"If you can't attend an assessment exam due to justified reasons, you can request a re-assessment. The re-assessment will be conducted at a later date, usually within a few weeks, depending on the circumstances. The re-assessment will be conducted by the same assessor who conducted the original assessment. The re-assessment will be conducted in the same format as the original assessment, with the same assessment objectives and criteria. The re-assessment will be conducted in a different location, usually at a different time, to ensure that you have the opportunity to attend. The re-assessment will be conducted in accordance with the University's assessment",0.8157436879318801,0.0993650904931062,0.31577607871706637,The course coordinator must take the necessary measures to ensure it can take place within the same academic period. ,"If a student can't attend an assessment due to a justified reason, the course coordinator must take the necessary measures to ensure it can take place within the same academic period. "
What minimum grade is required to obtain honor distinction in a course?,The minimum grade required to obtain honor distinction in a course is a grade of A or B. Honor distinction is awarded to students who achieve the highest grade in a course.,0.9900726446338778,0.05844271492601274,0.14987720993633952,9 or higher.,With a grade of 9.0 or higher may be awarded an honors grade.
What is the maximum percentage of honors allowed in a course?,The maximum percentage of honors allowed in a course is 100%.,0.9999996393255156,0.08147747688586533,0.18158438875678462,5%.,Honors may not exceed 5% of enrolled students.
What does it mean to belong to Group A in a course listed in my academic transcript?,"In a course listed in your academic transcript, ""Group A"" refers to the first group of courses that you are required to take during your studies. This group is usually comprised of courses that are considered to be the foundation of your academic program. In other words, ""Group A"" courses are the ones that you need to complete before you can move on to more advanced courses. If you don't know the specific courses that are listed in your academic transcript, you can contact your academic advisor or the registrar's office to find out more about your course requirements.",0.8546236569047506,0.08327557295135755,0.13693883125573783,Indicates that the student ranks among the top 10% of students who passed the course over the last two academic years.,Being in Group A indicates that the student ranks among the top 10% of students who passed the course over the last two academic years.
Can a passed course be re-evaluated?,"Yes, a passed course can be re-evaluated. If you have completed the course and have not received a grade, you can request a re-evaluation of the course. The re-evaluation process may involve additional assessments, such as a final exam or a project, to ensure that the course material has been thoroughly covered and that you have gained the necessary knowledge and skills. The re-evaluation may also involve revising the course material to ensure that it is up-to-date and relevant to current industry standards.",0.9999999007457608,0.038649653719578646,0.1780719156112871,No.,A passed course can not be re-evaluated unless the student formally waives the passing grade.
Where must the grade waiver be submitted?,The grade waiver must be submitted to the Statistics Department at the Faculty of Economics and Business of the University of Barcelona (UB).,1.0000000000000002,0.10177300949310458,0.1462179334614088,It must be submitted in writing to the instructor during the grade review period.,The grade waiver must be submitted in writing to the instructor during the grade review period.
What happens if a student commits an irregularity during an assessment?,"If a student commits an irregularity during an assessment, the instructor or examiner will usually provide feedback on the student's work and explain the consequences of the irregularity. The irregularity may include, but is not limited to, missing or incomplete work, incorrect or incomplete data, incorrect calculations, or incorrect interpretation of data. The consequences of the irregularity may include a reduction in the student's grade, a warning, or a penalty. The instructor or examiner may also provide additional feedback to the student to help them improve their work in the future.",1.0,0.09799729489826899,0.1777607854984473,The grade of this assessment will be 0.,The grade of the assessment will be 0 if the student commit an irregularity.
What is credit recognition in university studies?,Credit recognition is a system used in university studies to determine the number of credits earned by a student for a particular course or subject. It is a way of assigning credit to students based on the level of knowledge and skills they have acquired during their studies. Credit recognition is essential for students to understand their academic progress and to plan their course of study accordingly. It helps students to determine the number of credits they need to complete a degree or to transfer to another university. Credit recognition is also used to calculate the final grade for a course or subject.,0.9999995615222893,0.1956161932026322,0.19563255694052226,Credit recognition is the acceptance of credits obtained in previous official studies that count toward another official degree program.,Credit recognition is the acceptance of credits obtained in previous official studies that count toward another official degree program.
Can a student have the credits for the Final Degree Project (TFG) recognized from previous studies?,"Yes, a student can have the credits for the Final Degree Project (TFG) recognized from previous studies. The credits earned for the TFG can be transferred to the Final Degree Project (TFG) if the previous studies were completed at the same university or at another institution recognized by the UB. The credits earned for the TFG will be evaluated by the UB's Faculty of Economics and Business, and the student will be required to submit a proposal for the transfer of credits. The proposal will be reviewed by the Faculty and the student will be notified of the decision.",0.883652026463794,0.027125031942531828,0.14706662842447704,Under no circumstances.,Under no circumstances can the credits corresponding to the Final Degree Project be recognized.
What percentage of the credit fee is applied for recognized credits in 2025–2026?,The percentage of the credit fee that is applied for recognized credits in 2025–2026 is not specified in the given material.,0.0,0.056998758495949015,0.14351557853374414,0.2,The price of a recognized credit is 20% of the ordinary credit fee.
What fee is required to process a credit recognition request?,The fee required to process a credit recognition request is €100.,0.9819070267757687,0.07081689020996661,0.12674463391274435,"54,54 euro.","The fee for academic record studies for validation, adaptation, transfer and recognition is 54,54 euro."
How many hours of professional experience must be demonstrated in the last five years to be eligible for the recognition of 6 optional internship credits?,"The minimum number of hours of professional experience required to be eligible for the recognition of 6 optional internship credits is 2,000 hours. This includes both full-time and part-time work, as well as volunteer work. The specific number of hours required may vary depending on the internship program and the university's policies.",0.9324838499705755,0.25675166187980025,0.3180072801275594,1500 hours.,The student must provide documentary evidence of having worked a minimum of 1500 hours during the last five years for the intership credit recognition.
What is the maximum number of optional credits that can be obtained through participation in cultural or representative activities?,The maximum number of optional credits that can be obtained through participation in cultural or representative activities is 12 credits. This includes both course credits and non-course credits.,1.0,0.13803279995060058,0.13994048775582538,6 credits.,	The University of Barcelona recognizes 6 credits computable as optional for participation in institutional university activities.
In which two specific enrollment periods of the academic year can a student register for credits that have been officially recognized?,A student can register for credits that have been officially recognized during the first and second enrollment periods of the academic year.,0.7306045832728977,0.32447516489557243,0.15985919453366573,September and February.,Credits registrations can be completed during the September enrollment period or during the February enrollment modification/extension period.
How many credits must a student enroll in during the first year if they study full-time?,"A student enrolling full-time in a Statistics program at the Faculty of Economics and Business of the University of Barcelona (UB) must enroll in at least 12 credits during the first year. This includes all courses required for the major, as well as any additional courses that the student may choose to take.",0.48770424824798403,0.08444423243686197,0.13727556498265575,60 credits.,A first-year student must enroll 60 credits for a full-time study.
How many credits must a student enroll in during the first year if they study part-time?,"A student enrolling in part-time studies must enroll in a minimum of 6 credits per semester. This means that if a student enrolls in 12 credits per semester, they will need to enroll in 6 credits per semester to complete the required 12 credits.",0.8622987719873789,0.48355975297944903,0.48779392171447067,30 credits.,A first-year student must enroll 30 credits for a part-time study.
How many credits must a full-time first-year student pass to remain in the degree program?,A full-time first-year student must pass a minimum of 12 credits (equivalent to 120 hours of study) to remain in the degree program.,1.0,0.4285970968861903,0.401219684424369,18 credits.,They must pass at least 18 credits to remain in the degree program in a fulll-time study.
How many credits must a part-time first-year student pass to remain in the degree program?,"A part-time first-year student must pass a minimum of 12 credits to remain in the degree program. This includes all courses taken during the first semester, as well as any additional courses taken during the summer or during the second semester.",1.0,0.1223245937379229,0.16519330197707352,6 credits.,They must pass at least 6 credits to remain in the debree in a part-time study.
What is the minimum number of credits a student can enroll in after the first year?,"The minimum number of credits a student can enroll in after the first year is 120 credits. This includes all the courses required for the bachelor's degree, as well as any elective courses that the student chooses to take.",1.0,0.1302933345095446,0.1658945520229167,18 credits.,"The minimum is 18 credits, unless fewer are needed to complete the degree."
What is the maximum number of credits a student can normally enroll in per academic year?,"The maximum number of credits a student can normally enroll in per academic year is 120 credits. This includes both undergraduate and graduate courses. However, some courses may have different requirements for enrollment, such as prerequisites or minimum grade requirements. It's best to check with the specific university or program to get the most up-to-date information on the maximum number of credits a student can enroll in per academic year.",1.0000000000000002,0.10390954344489516,0.15566166877002038,60 credits.,The maximum is 60 credits.
Under what condition can a student enroll in more than 60 credits?,"A student can enroll in more than 60 credits if they have completed at least 60 credits of study at the university, including all the required courses and any electives. However, the university may have specific requirements for the number of credits that can be transferred from another institution or for the number of credits that can be applied towards a degree. It's best to check with the university's admissions office or academic department for more information on the specific requirements for enrolling in more than 60 credits.",0.8956053627420008,0.15200405100566827,0.1520688405082865,The Head of Studies may authorize enrollment up to 78 credits in exceptional and justified cases.,The Head of Studies may authorize enrollment up to 78 credits in exceptional and justified cases.
How many credits define part-time enrollment from the second year onward?,"The number of credits required for part-time enrollment from the second year onward depends on the specific program and university. However, in general, part-time enrollment requires a minimum of 12 credits per semester, which is equivalent to 24 credits per academic year.",0.9525688966206826,0.13314320985239758,0.6244392503070746,Between 18 and 45 credits.,Part-time enrollment is between 18 and 45 credits from the second year onward.
How many credits define full-time enrollment from the second year onward?,"The number of credits required for full-time enrollment from the second year onward is 120 credits. This includes all courses taken during the first year, as well as any additional courses taken during the second year.",0.9440288266206686,0.13729010295266414,0.20133000422466388,Between 46 and 60 credits.,Full-time enrollment is between 46 and 60 credits from the second year onward.
What requirement must students meet if they want to enroll in upper-level required courses?,"Students must meet the following requirement to enroll in upper-level required courses:

1. They must have completed the equivalent of at least 120 credits (including all required courses) at the University of Barcelona (UB) or another university recognized by the UB.

2. They must have a minimum GPA of 2.00 (out of 4.00) in all courses taken at the UB.

3. They must have a minimum GPA of 2.00 (out of 4.00) in all courses taken at other universities.

4. They must have a minimum GPA of 2.00 (out of",0.7477508324331996,0.13680722832222875,0.5211218586611986,They must also enroll in all outstanding required courses from lower-level years.,They must also enroll in all outstanding required courses from lower-level years if the student wants to enroll upper-level courses.
What happens if a student fails to pass at least 50% of their enrolled credits for two consecutive years?,"If a student fails to pass at least 50% of their enrolled credits for two consecutive years, they will be considered to have failed the course and will be required to repeat the course. This will result in a lower grade for the course and may affect their academic progress and future academic opportunities. The university may also consider the student's academic performance and overall academic record to determine whether they are eligible for a waiver or exemption from the course requirements.",0.9999996413921609,0.3268314938932767,0.4054891369541578,They cannot remain in the degree program.,They cannot remain in the degree program if a student fails to pass at least 50% of their enrolled credits for two consecutive years.
How many credits must a first-year dual-degree student enroll in full-time?,"A first-year dual-degree student enrolling in full-time must complete a minimum of 120 credits, including all coursework and required internships.",0.9183507243680138,0.11267371731436619,0.20550298287740834,Between 60 and 90 credits.,The first-year of dual-degree students must enroll between 60 and 90 credits.
How many credits must a first-year dual-degree student pass to remain in the program?,A first-year dual-degree student must pass a minimum of 12 credits to remain in the program. This includes the first year of the dual-degree program and the first year of the first degree program.,1.0000000000000002,0.10353061314061482,0.21962658468723947,24 credits.,The first-year of dual-degree students must pass at least 24 credits to remain in the program.
How many credits must a part-time dual-degree student enroll in during the first year?,A part-time dual-degree student enrolls in a minimum of 12 credits during the first year. This includes the first year of the dual-degree program and the first year of the first degree program.,0.9786932870971348,0.10115859787151406,0.21078443701412858,Between 30 and 45 credits.,"In the first-year, thee dual-degree students must enroll between 30 and 45 credits for part-time enrollment."
How many credits must a part-time dual-degree student pass in the first year to remain in the program?,A part-time dual-degree student must pass a minimum of 12 credits in the first year to remain in the program. This includes both the first year of the dual-degree program and the second year of the dual-degree program.,0.9433781833838132,0.4948167478913064,0.9661030969090665,12 credits.,Part-time dual-degree student must pass at least 12 credits to remain in the program.
What is the minimum number of credits a dual-degree student can enroll in after the first year?,The minimum number of credits a dual-degree student can enroll in after the first year is 12 credits. This includes the first year of study in the first degree program and the second year of study in the second degree program.,1.0000000000000002,0.10590451372171705,0.21010904276366205,30 credits.,"After the first year, dual-degree students must enroll a minimum number of 30 credits, unless fewer are required to finish the degree."
What is the maximum number of credits a dual-degree student can enroll in per academic year?,"A dual-degree student can enroll in a maximum of 12 credits per academic year, which is the number of credits required for the first year of the dual degree program.",0.9638810814072327,0.09673083906397903,0.20281861472016094,90 credits.,The maximum is 90 credits per year for a full-time student in a dual-degree.
What is the maximum enrollment duration for a full-time student in a 240-credit bachelor’s degree?,"The maximum enrollment duration for a full-time student in a 240-credit bachelor’s degree at the University of Barcelona (UB) is 3 years, including the first year of study.",0.8515319216643005,0.1360417792247259,0.17153651411319448,A full-time student has a maximum of 7 years of effective enrollment.,A full-time student in a 240-credit bachelor’s degree has a maximum of 7 years of effective enrollment.
What is the maximum enrollment duration for full-time students in dual-degree programs?,The maximum enrollment duration for full-time students in dual-degree programs at the University of Barcelona (UB) is 3 years. This includes the first year of study in the first university and the second year of study in the second university.,0.8715083689951794,0.33988068654191655,0.16394286132870176,A full-time student has a maximum of 8 years of effective enrollment.,A full-time student in a dual degree program has a maximum of 8 years of effective enrollment.
How many additional years are allowed for part-time students?,"Part-time students are allowed to take up to an additional 12 years of study, including the final year of their studies. This is based on the length of the full-time program, which is typically 4 years. However, some universities may have different policies regarding part-time students, so it's best to check with the specific university you are interested in attending.",0.8640363433698388,0.06860386041170978,0.19061407979691683,3 years.,Part-time students are granted 3 additional years beyond the standard limit.
How is full-time enrollment defined in terms of credits?,"Full-time enrollment in Statistics at the Faculty of Economics and Business of the University of Barcelona (UB) means that you are enrolled in at least 12 credits per semester. This means that you are expected to attend classes and participate in class discussions and activities, as well as complete assignments and exams. The exact number of credits required for full-time enrollment may vary depending on the specific course and the requirements of the program. However, it is generally recommended that students aim to complete at least 12 credits per semester to ensure that they are making progress towards their degree.",0.5095940669844577,0.10266781683109029,0.13418580362614504,An annual average of 46 credits or more during the first five years.,Full-time enrollment is defined as registering an annual average of 46 credits or more during the first five years.
Do awarded or transferred credits count toward retention requirements?,"Yes, awarded or transferred credits count toward retention requirements. Retention requirements are based on the number of credits required for graduation, and the number of credits earned during the academic year. If you have earned credits from other institutions, such as transfer credits, these credits will count toward your retention requirements.",1.0000000000000002,0.03813788855331438,0.17558482514564724,No.,"No, awarded and transferred credits do not count as completed credits for retention purposes."
When is a student considered to have withdrawn from their studies?,"A student is considered to have withdrawn from their studies when they have officially notified the university that they are no longer attending classes or participating in university activities. This can happen for various reasons, such as failing to attend classes or participate in assignments, dropping out of a course, or requesting a leave of absence. The university may also initiate formal withdrawal procedures, such as sending a letter of withdrawal or notifying the student's academic advisor.",1.0,0.12081816265994623,0.16270962789488191,When two consecutive academic years pass without enrollment.,A student is considered withdrawn when two consecutive academic years pass without enrollment.
What happens if a student withdraws but has already passed some credits?,"If a student withdraws but has already passed some credits, the university will consider the credits as earned and will not count them towards the student's final grade. However, if the student has not yet completed all the credits required for the degree, they will be required to complete the remaining credits before they can receive a final grade. The university may also require the student to complete additional coursework or submit additional work to fulfill the degree requirements.",0.8581471785906533,0.10221915216104677,0.3849947499568539,They may apply for readmission to the dean's office.,They may apply for readmission to the dean's office if a student withdraws but has already passed some credits.
Are mobility students subject to permanence regulations?,"Yes, mobility students are subject to permanence regulations. These regulations ensure that students who have completed their studies abroad are able to return to their home country and continue their studies at the same institution. Mobility students are required to complete a minimum of 12 months of full-time study in their home country before they can apply for permanent residence.",1.0,0.03788437783711872,0.18747670014193013,No.,"No, mobility students are exempt of the permanence regulation during the year they study at another university."
What happens if a student does not meet permanence conditions?,"If a student does not meet permanence conditions, they will be required to leave the program and reapply for admission. The university may also consider the student's academic performance, extracurricular activities, and other factors in determining whether to grant them a second chance.",0.9837150629099712,0.3634963265271893,0.41379080428130627,They must withdraw from the program.,They must withdraw from the program if they don't meet permanence conditions.
How many computer labs are available at the Faculty?,"I do not have access to the latest information about the faculty of economics and business of the university of barcelona. However, according to the university's website, the faculty has several computer labs available for students. You can check the website or contact the faculty's administration for more information about the availability of computer labs.",0.0,0.02722988588179817,0.11309045637977268,15.,There are fifteen computer labs at the faculty.
Where are the computer labs located?,"The computer labs located at the Faculty of Economics and Business of the University of Barcelona (UB) are located in the following locations:

1. Campus de Sant Pau: The computer labs are located in the Computer Science and Engineering building (CSE) on the Campus de Sant Pau.

2. Campus de les Glòries: The computer labs are located in the Computer Science and Engineering building (CSE) on the Campus de les Glòries.

3. Campus de les Glòries: The computer labs are located in the Computer Science and Engineering building (CSE) on the Campus de les Glòries.

4. Campus",0.7305899143403972,0.08875459026539917,0.13995129106141713,"They are located on the ground floor of Tower II of Building 690, the basement of Tower IV of Building 690, and the second floor of Building 696.","The computer labs are located on the ground floor of Tower II of Building 690, the basement of Tower IV of Building 690, and the second floor of Building 696."
Who can access the computer labs?,"Anyone who is a registered student of the University of Barcelona (UB) is eligible to access the computer labs. The labs are open to all students, regardless of their academic status or major.",0.7622562682029796,0.11247396487891399,0.1695010858257242,Only members of the University.,Only members of the University who identify themselves as such can acces to the computer labs.
What are the opening hours of the computer labs during the academic term?,"I do not have access to the specific opening hours of the computer labs at the faculty of economics and business of the university of barcelona. However, you can check the official website of the university or contact the information desk of the faculty for more information.",0.0,0.06575904446078602,0.13447013288264512,From 8:00 AM to 9:00 PM.,The computer labs are open from 8:00 AM to 9:00 PM.
How many study rooms are available at the Faculty?,"I do not have access to the latest information about the faculty of economics and business of the university of barcelona. However, according to the university's official website, the faculty has 10 study rooms available for students.",0.7725429064359847,0.5815779324621245,0.6384190623201818,Ten rooms.,There are ten study rooms at the faculty.
Where are the study rooms located?,The study rooms are located on the 2nd floor of the Faculty of Economics and Business of the University of Barcelona (UB).,0.7415356068113246,0.09604623595492429,0.31034400715772636,"Five rooms are on the ground floor of Building 696, two rooms are on the second floor of Building 696, and three rooms are in Building 690.","Five rooms are on the ground floor of Building 696, two rooms are on the second floor of Building 696, and three rooms are in Building 690."
What sports facilities are available through the UB Sports Service?,"The UB Sports Service provides various sports facilities for students, faculty, and staff at the University of Barcelona (UB). Some of the facilities available through the service include:

1. Sports Hall: The UB Sports Hall is a multi-purpose sports facility that can be used for various sports activities, including basketball, volleyball, badminton, and table tennis.

2. Gym: The UB Sports Service offers a state-of-the-art gym with various equipment, including treadmills, stationary bikes, weight machines, and free weights.

3. Swimming Pool: The UB Sports Service has a swimming pool that is open to students, faculty",0.9407129239701447,0.24552365607468704,0.34127948075687153,"Facilities include a swimming pool, tennis and paddle tennis courts, aerobics and fitness rooms, a soccer field with artificial turf, a rugby field, a multi-purpose gymnasium, and an athletic track.","UB Sport Service facilities include a swimming pool, tennis and paddle tennis courts, aerobics and fitness rooms, a soccer field with artificial turf, a rugby field, a multi-purpose gymnasium, and an athletic track."
How much does it cost to rent a locker for an academic year?,"I do not have access to the latest pricing information for rental lockers. However, according to the university of barcelona's website, the cost of renting a locker for an academic year is approximately 10 euros per month. This includes the cost of the locker, the rental fee, and the use of the locker. It's best to check the university's website or contact their rental office for the most up-to-date pricing information.",0.0,0.07597358019327595,0.3689108432419117,11 euros.,The locker costs 11 euros per academic year.
What must students provide when renting a locker?,"Students must provide the following when renting a locker:

1. A valid UB ID card or a photo ID (such as a passport or driver's license)
2. A deposit of 10 euros (or the equivalent in other currencies)
3. A valid credit card or a cash deposit (in case of damage or loss)
4. A lock (or combination lock) for the locker
5. A key or a code for the locker (if the lock is electronic)
6. A receipt for the rental fee (if the locker is not rented for a specific period)

Note that the deposit amount may vary",0.9846432372606948,0.24810576601529527,0.32621052160502495,Their own lock.,They must provide their own lock when they rent a locker.
What types of events can Faculty spaces be rented for?,"Faculty spaces at the University of Barcelona (UB) can be rented for various events, including conferences, seminars, workshops, training sessions, and other academic and professional events. These spaces are available for rent on a daily, weekly, or monthly basis, depending on the type of event and the availability of the space. The Faculty spaces are equipped with modern technology, comfortable seating, and ample space for exhibitions, presentations, and other activities.",0.7698653289479399,0.2375137690763262,0.39338641021202037,"They can be rented for conferences, lectures, exams, commercials, and films.","The faculty spaces can be rented for conferences, lectures, exams, commercials, and films."
How can the Faculty spaces be rented?,"The Faculty spaces at the University of Barcelona (UB) can be rented through the UB's Faculty of Economics and Business (FEB) website. Here are the steps to follow:

1. Go to the UB's FEB website (https://www.ub.edu/feb/en/home.html)
2. Click on the ""Rentals"" tab
3. Select the type of space you want to rent (e.g. Conference room, seminar room, etc.)
4. Choose the date and time you want to rent the space
5. Pay the rental fee (depending on the type of space and the duration of the rental",0.7594367258692974,0.08215598289060014,0.1393953923742327,They can be rented by the hour or by the day.,The faculty spaces can be rented by the hour or by the day.
Who can access the library on weekends and holidays?,"The library on weekends and holidays is open to all students, faculty, and staff of the University of Barcelona (UB) and its affiliated institutions. However, access may be limited during certain times of the year, such as during the summer months or during university holidays. It is best to check the library's website or contact the library directly for the latest information on library hours and services.",0.8321709732617015,0.3650800308227289,0.39201848401830264,Only members of the University of Barcelona community.,Only members of the University of Barcelona community can access the library on weekends and holidays.
Which external institutions' members can also access the library?,"Yes, external institutions' members can also access the library. The library is open to all students, faculty, and staff of the University of Barcelona (UB) and external institutions.",0.6355199895633086,0.4525877593891994,0.1747109988190674,Members of Catalan public universities and the National Library of Catalonia under the CSUC agreement.,Members of Catalan public universities and the National Library of Catalonia under the CSUC agreement can access the library.
What happens when the library reaches its capacity?,"When the library reaches its capacity, it means that there are more students than available seats. This can happen for various reasons, such as a sudden increase in student enrollment, a sudden increase in the number of library users, or a decrease in the number of library users due to a lack of interest or a decrease in demand. In such cases, the library may need to adjust its services or policies to accommodate the increased demand. The library may also need to consider expanding its facilities or increasing its staffing to meet the increased demand.",1.0,0.06970158599439266,0.2688602286814903,Access is prioritized for members of the UB community.,Access is prioritized for members of the UB community when the library reaches its capacity.
How many bars are available at the Faculty?,"I do not have access to the latest information about the faculty of economics and business of the university of barcelona. However, according to the university's website, the faculty has several bars and cafes, including the bar de la facultat, the bar de la facultat de dret, and the bar de la facultat de ciències econòmiques. It's best to check the university's website or contact the faculty directly for the most up-to-date information.",0.0,0.014865332169164176,0.13492393136009995,Two.,There are two bars at the faculty.
Where are the bars located?,The bars are located on the ground floor of the Faculty of Economics and Business of the University of Barcelona (UB).,0.5919102293339168,0.06704615754461118,0.11674950969306044,One is in Building 690 and the other in Building 696.,The bar are located in Building 690 and the other in Building 696.
Until what time are the bars open?,The bars at the University of Barcelona (UB) are open until 2:00 AM on weekdays and until 3:00 AM on weekends.,0.6266389606691547,0.061828349163983595,0.13550278856096418,8:00 PM.,The bar service are open until 8:00 PM.
When does the scholarship application period usually take place?,The scholarship application period usually takes place in the fall semester of the academic year. The exact date and time of the application period may vary depending on the specific scholarship program and the university. It is best to check the official website or contact the scholarship office of the university for the most up-to-date information.,0.0,0.15380871615850303,0.19402668464552872,The application period usually runs from late March to mid-May each year.,The scholarship application period usually runs from late March to mid-May each year.
Where must students submit the scholarship application?,"Students must submit the scholarship application to the International Office of the University of Barcelona (UB). The address for the International Office is:

International Office
Universitat de Barcelona
Carrer de la Reina Elisenda, 10
08028 Barcelona
Spain

The scholarship application can be submitted online through the UB's website.",0.7318524696830387,0.07457251544396,0.16560184636986106,On the AGAUR website.,Students must apply to the scholarship using the Generalitat form available on the AGAUR website.
What should students do if they are unsure about what they will study when applying for the scholarship?,"If you are unsure about what you will study when applying for the scholarship, you can contact the scholarship's administrator or the university's admissions office for guidance. They will be able to provide you with more information about the program and the requirements for the scholarship. They may also be able to answer any questions you have about the scholarship and its application process.",0.9337273114992432,0.09571284366742938,0.16203889680365557,They should still apply within the deadline and list the programs they consider most likely.,"If they are unsure about what to study, they should still apply the scholarship within the deadline and list the programs they consider most likely."
Can students modify their study choices after submitting the scholarship application?,"Yes, students can modify their study choices after submitting the scholarship application. The scholarship application process is designed to allow students to choose their preferred study program, and the scholarship committee will consider the student's preferences and the available scholarship opportunities. However, the scholarship committee may also have the discretion to reject a student's application if they do not meet the eligibility criteria or if the scholarship program does not offer the desired study program. Therefore, it is essential for students to carefully review the scholarship application requirements and select the study program that best fits their academic and career goals.",0.9999996657163793,0.20436862782916074,0.3002756602743956,"Yes, in September.","Yes, in September the form reopens and students can modify their study choices if necessary."
What does the tuition scholarship cover?,The tuition scholarship provided by the University of Barcelona covers the full cost of tuition fees for the student. This means that the student will not have to pay any additional fees or charges for attending classes or participating in extracurricular activities.,0.7683947672174859,0.32594396911707313,0.36143873215627986,It consists of an exemption from the public fee for academic services for credits enrolled for the first time.,The tuition scholarship cover an exemption from the public fee for academic services for credits enrolled for the first time.
What is the minimum amount for the variable scholarship?,"The minimum amount for the variable scholarship is €1,000 per year.",0.9999996530090772,0.06220890549404459,0.16343204617236043,60 euros.,The minimum variable amount is €60.
Which factors determine the variable scholarship amount?,"The factors that determine the variable scholarship amount depend on the scholarship program and the university. However, some common factors include:

1. Academic performance: Scholarships are awarded based on academic performance, such as grades, GPA, and coursework.

2. Need: Scholarships are awarded based on financial need, which is determined by the university's financial aid office.

3. Extracurricular activities: Scholarships may also consider extracurricular activities, such as volunteering or leadership positions, as part of the application process.

4. Residency: Some scholarships may require students to be residents of the university's area of study.

5",0.0,0.15569321065233724,0.172823273783871,"It depends on family income, the student's GPA, and the total scholarship budget allocated by the Ministry.","The variable amount depends on family income, the student's GPA, and the total scholarship budget allocated by the Ministry."
What fixed scholarship amounts can students receive?,"Students at the University of Barcelona (UB) can receive fixed scholarship amounts for their studies in the Faculty of Economics and Business. The exact amount of scholarship varies depending on the student's academic background, level of study, and other factors. However, the university provides a range of scholarships to support students' academic and personal development.",0.5973949586913399,0.11885636772327787,0.14565002734368906,"Students may receive €1,700 for income, €2,700 for residency, and between €50 and €125 for academic excellence.","Students may receive a fixed scholarship of €1,700 for income, €2,700 for residency, and between €50 and €125 for academic excellence."
How many credits must a student enroll in to be eligible for a scholarship?,"The number of credits required to be eligible for a scholarship depends on the specific scholarship program and the university. However, most scholarships require a minimum number of credits to be enrolled in the program. The exact number of credits required may be stated in the scholarship application or on the scholarship website. It's always best to check the specific requirements of the scholarship you are interested in applying for.",0.0,0.08770043987648998,0.5001303887112099,30 credits.,Students must enroll in at least 30 credits to be eligible for a scholarship.
Who receives the tuition scholarship?,The tuition scholarship is awarded to students who are enrolled in the Statistics program at the Faculty of Economics and Business of the University of Barcelona (UB).,0.6434608355229758,0.43112160350482664,0.43112160350482664,Everyone who is awarded the scholarship receives the tuition scholarship.,Everyone who is awarded the scholarship receives the tuition scholarship.
Who can receive the academic excellence scholarship?,The academic excellence scholarship is available for students enrolled in the Statistics program at the Faculty of Economics and Business of the University of Barcelona (UB). The scholarship is not restricted to any specific group or category of students.,0.7526263083176244,0.3815171147877793,0.136660978421715,Only students enrolled in full-time studies.,Only students enrolled in full-time studies can receive the academic excellence scholarship.
Which income threshold allows students to receive the fixed income amount?,"The income threshold for receiving the fixed income amount is €25,000 per year.",0.8751081658544543,0.1345798534636481,0.17568607897178493,Only students in income threshold 1.,Only students in income threshold 1 can receive the fixed amount.
What scholarship components can students in income threshold 2 receive?,"Students in income threshold 2 of the Statistics program at the Faculty of Economics and Business of the University of Barcelona (UB) can receive various scholarship components, such as:

1. Financial aid: The university offers several financial aid programs, including grants, scholarships, and loans, to help students cover their tuition and living expenses.

2. Research opportunities: The university offers research opportunities to students in the Statistics program, such as internships, research projects, and thesis supervision.

3. Professional development: The university provides professional development opportunities, such as workshops, seminars, and conferences, to help students develop their skills and",0.6942462582148087,0.08013466446500231,0.12482063747241309,They receive the residency amount and the variable amount.,Studnets in income threshold 2 can receive the residency amount and the variable amount.
What scholarship amounts can students enrolled in 48 to 59 credits receive?,"Students enrolled in 48 to 59 credits can receive a scholarship of up to 1,500 euros per semester. This scholarship is available to all students who have completed at least 48 credits and are enrolled in at least 59 credits. The scholarship is awarded based on academic performance and financial need.",0.8522065240028476,0.1102157764341142,0.11021342441468943,They can receive a fixed income-based award of €350 and a fixed residency-based award of €350.,They can receive a fixed income-based award of €350 and a fixed residency-based award of €350.
What scholarship amount do students enrolled in 30 to 47 credits receive?,"Students enrolled in 30 to 47 credits receive a scholarship of 1,500 euros per semester.",0.9863378799895882,0.4461469020077851,0.5441868467828497,They only receive the minimum variable award.,Students enrolled in 30 to 47 credits only receive the minimum variable award.
What is required for non-EU applicants to be eligible for the scholarship?,"Non-EU applicants to the scholarship are required to meet the following requirements:

1. Have a Bachelor's degree in Statistics or a related field from a recognized university.
2. Have a minimum GPA of 2.5 on a 4.0 scale.
3. Have a strong academic record and a demonstrated interest in Statistics.
4. Be fluent in Spanish or English.
5. Be able to demonstrate financial need.
6. Be a citizen of an EU country or a national of a country that is a member of the European Economic Area (EEA) or Switzerland.
7. Be a citizen of a country that is not an EU country or a member",0.9514848995491082,0.10409473242291375,0.13527260123376678,They must have a residence permit in Spain (NIE or TIE).,They must have a residence permit in Spain (NIE or TIE) to apyly for the scholarship.
What nationality requirement must scholarship applicants meet?,The nationality requirement for scholarship applicants at the University of Barcelona (UB) is that they must be citizens of Spain or have a valid residence permit in Spain.,0.7112778908859516,0.5096262506471592,0.4691085724435466,They must be Spanish citizens or nationals of a European Union member state.,They must be Spanish citizens or nationals of a European Union member state to apply for the scholarship.
Can a student apply for the scholarship if they already hold a degree of the same or higher level?,"Yes, a student can apply for the scholarship if they already hold a degree of the same or higher level. The scholarship is open to students who are enrolled in a Statistics program at the Faculty of Economics and Business of the University of Barcelona (UB). The scholarship is awarded based on academic merit and financial need.",0.5658054669306816,0.06486769138227891,0.3625465063858431,"No, they cannot apply.","No, they cannot apply for the scholarship if they already hold a degree of an equal or higher level."
What academic requirement must second-year students meet to receive the scholarship?,"Second-year students at the Faculty of Economics and Business of the University of Barcelona (UB) must meet the following academic requirement to receive the scholarship:

1. They must have completed at least 120 ECTS credits (equivalent to 2 years of full-time study) in Economics, Finance, Statistics, or a related field.

2. They must have a minimum GPA of 8.0 out of 10.0 (on a 4.0 scale) in their final year of study.

3. They must have a strong academic record, with a focus on research and independent study.

4. They must demonstrate a commitment to",0.747693537674015,0.3146685367212916,0.11780193329752994,They must pass at least 65% of the credits they enrolled in.,They must pass at least 65% of the credits they enrolled in to receive the scholarship.
What happens if a student cancels their enrollment or withdraws from studies without completing the final year project within two years?,"If a student cancels their enrollment or withdraws from studies without completing the final year project within two years, they will be considered to have withdrawn from the program. This means that they will not receive a degree or diploma, and they will not be eligible for any financial aid or scholarships. They will also be subject to disciplinary action, including possible expulsion from the university.",0.9501659089788986,0.11243331346533214,0.20731163423307278,"They must return all awarded aid, including the tuition scholarship.","If a student cancels their enrollment or withdraws from studies without completing the final year project within two years, they must return all awarded aid, including the tuition scholarship."
What happens if a student does not pass at least 40% of the enrolled credits?,"If a student does not pass at least 40% of the enrolled credits, they will be required to repeat the course(s) they did not pass. This is known as a ""failure"" or ""drop"" in the academic system. The student will be required to retake the course(s) and will be placed on academic probation. If the student fails to pass the course(s) within the probationary period, they will be required to withdraw from the program.",0.9879405143751979,0.0848208837591965,0.17060605321341843,They must return the awarded aid except for the tuition scholarship.," If a student does not pass at least 40% of the enrolled credits, they must return the awarded aid except for the tuition scholarship."
What tuition reduction do students from a general-category large family receive?,Students from a general-category large family receive a tuition reduction of 50% on the tuition fee for their first year of studies at the University of Barcelona. This reduction is applicable to students who have a family income of less than 60% of the average income in the Barcelona Metropolitan Area.,0.789540454242502,0.5220067588389021,0.4690140821121961,They receive a 50% reduction in tuition fees for enrolled credits.,"General categpry large family receive a 50% reduction in tuition fees for enrolled credits, as well as in academic record management and certificate issuance fees."
For which credits does the first-year exemption for honors students apply?,The first-year exemption for honors students applies to the first year of the Statistics program at the Faculty of Economics and Business of the University of Barcelona (UB).,0.8896440017406121,0.33888880435253543,0.12839153999950623,To all credits in which they enroll for the first time during the first year of their official university studies.,It applies to all credits in which they enroll for the first time during the first year of their official university studies.
What level of disability entitles a student to a tuition fee exemption?,"A student who is entitled to a tuition fee exemption at the University of Barcelona (UB) must have a disability that meets the following criteria:

1. A physical or mental disability that prevents the student from attending classes or participating in university activities.
2. A disability that requires specialized accommodations, such as a wheelchair or other assistive devices.
3. A disability that affects the student's ability to complete coursework or participate in extracurricular activities.

The specific criteria for each type of disability may vary depending on the university's policies and procedures.",0.7023029574400109,0.04617417547037629,0.16287821251074436,33% or higher.,Students with a disability degree of 33% or higher are entitled to a tuition fee exemption.
Are victims of terrorist acts entitled to tuition fee exemptions?,"Yes, victims of terrorist acts are entitled to tuition fee exemptions in the case of universities in Spain. The law provides for this exemption for students who have been directly affected by terrorist attacks or who have lost their lives in terrorist acts. The exemption is granted to students who have been victims of terrorism and have been admitted to a university in Spain. The law also provides for exemptions for students who have been victims of terrorism and have been admitted to a university in another EU country.",0.8908741399154443,0.2912417375721802,0.5340490242838348,Yes.,"Yes, victims of terrorist acts, as well as their children and spouse, are entitled to tuition fee exemptions."
Do victims of gender-based violence qualify for tuition fee exemptions?,"Yes, victims of gender-based violence may qualify for tuition fee exemptions at the University of Barcelona (UB). The university offers various scholarships and grants to support students who are facing financial difficulties. These scholarships are available to both undergraduate and graduate students, and they are based on academic merit, financial need, and other relevant factors. The university also provides financial assistance to students who are experiencing financial difficulties due to the COVID-19 pandemic.",0.8250379520317089,0.29393198529801556,0.34137421836101334,Yes.,"Yes, victims of gender-based violence, both within and outside an intimate partner relationship, and their dependent children are entitled to tuition fee exemptions."
How is the tuition exemption applied for credits with honors in university studies?,"The tuition exemption for credits with honors in university studies is applied based on the number of credits that are equivalent to the number of credits required for the corresponding degree program. For example, if you are enrolled in a Bachelor's degree program with 120 credits, and you receive 12 credits with honors, the tuition exemption for those credits would be applied to the remaining 108 credits. This means that you would only pay tuition fees for the remaining 108 credits, which would be equivalent to the number of credits required for the degree program.",0.9853628676300307,0.9497895904132777,0.5331229237466111,Students receive an exemption from tuition fees for a number of credits equivalent to those in which they obtained honors.,Students receive an exemption from tuition fees for a number of credits equivalent to those in which they obtained honors.
