ID,Q,SA,LA,Source_doc,Source_text,longitud_ref,chunk_relevante,similitud_max
Q_001,What percentage of credits must an undergraduate student pass before starting curricular internships?,50 % of credits.,The student must have passed at least 50% of the program credits before starting curricular internships.,DOC_001,"In the case of curricular internships: d) Class schedules and practicum schedules cannot overlap. e) At the time the practicum begins, the undergraduate student must have passed 50% of the credits for the program. ",214,DOC_001_chunk_0003,0.9369369369369368
Q_002,Can class schedules overlap with curricular intership schedules?,No.,"No, class schedules and practicum schedules cannot overlap.",DOC_001,"In the case of curricular internships: d) Class schedules and practicum schedules cannot overlap. e) At the time the practicum begins, the undergraduate student must have passed 50% of the credits for the program. ",214,DOC_001_chunk_0003,0.9369369369369368
Q_003,What is the minimum number of hours required for a formative project in the curricular internship?,300 hours.,The minimum duration of a curricular internship is 300 hours.,DOC_001,Degree: Curricular internships: you may undertake as many curricular internships as the internship courses included in the curriculum of the corresponding program. Each training project must include a minimum of 300 hours and a maximum of 375 hours,248,DOC_001_chunk_0005,1.0
Q_004,What is the maximum number of hours required for a formative project in the curricular internship?,375 hours.,The maximum duration of a curricular internship is 375 hours.,DOC_001,Curricular internships: you may undertake as many curricular internships as the internship courses included in the curriculum of the corresponding program. Each training project must include a minimum of 300 hours and a maximum of 375 hours,240,DOC_001_chunk_0005,1.0
Q_005,In which period should a student complete their curricular internship?,Internships must be completed within the academic year.,Internships must be completed within the academic year (15 September–14 September),DOC_001,"Internships, both curricular and extracurricular, must be carried out within the academic period for which the enrollment is valid. Under no circumstances may they be extended or extend beyond the end of the official academic year of the Faculty and the University of Barcelona. This usually runs from September 15 of one year to September 14 of the following year.",365,DOC_001_chunk_0006,1.0
Q_006,On which days can internships be carried out?,"From Monday to Friday, excluding holidays.","Internships must be carried out from Monday to Friday, excluding holidays.",DOC_001,"Internships, both curricular and extracurricular, must be carried out Monday through Friday, excluding holidays, between 8:00 AM and 9:00 PM.",141,DOC_001_chunk_0007,1.0
Q_007,Between what hours can internships take place?,Between 8:00 AM and 9:00 PM.,Internships can take place between 8:00 AM and 9:00 PM.,DOC_001,"Internships, both curricular and extracurricular, must be carried out Monday through Friday, excluding holidays, between 8:00 AM and 9:00 PM.",141,DOC_001_chunk_0007,1.0
Q_008,What is the maximum number of hours a student can work per day during internships?,6 hours.,"During the intership, the maximum is 6 hours per day.",DOC_001,The student may work a maximum of 6 hours per day. ,51,DOC_001_chunk_0007,1.0
Q_009,Are there any exceptions to the daily working hours during curricular internships?,Yes.,"The intership daily limit can be extended to 8 hours in special cases (few credits remaining, EUS program, or July–August).",DOC_001,"Exceptionally, they may work up to a maximum of 8 hours per day if they are in one of the following situations: if they have 12 credits left to complete their degree, excluding credits for the Final Degree Project, if they are a student in the EUS program or if the internship takes place during the months of July and August.",326,DOC_001_chunk_0008,1.0
Q_010,Who must make a financial contribution for each internship training project?,The company or institution hosting the internship.,The company or institution hosting the internship must make the financial contribution.,DOC_001,"Each training project requires a financial contribution to the Faculty from the company or institution to cover the management, processing, and formalization of the internship training project, regardless of the duration of the student's internship period. ",257,DOC_001_chunk_0009,1.0
Q_011,What is the minimum hourly remuneration during curricular internships?,3 euros.,The minimum hourly remuneration of inthership is 3 euros.,DOC_001,"Extracurricular intership must always be remunerated. Optional curricular internships must always be paid. Mandatory curricular internships, although it is recommended that they be paid, may not be. If the intership is remunerated, the minimum is 3 euros. Internships for statistics students are optional, and they can complete up to two.",338,DOC_001_chunk_0011,1.0
Q_012,How many internships can statistics students complete?,Up to two internships.,Statistics students can complete up to two internships.,DOC_001,"Internships for statistics students are optional, and they can complete up to two.",82,DOC_001_chunk_0011,1.0
Q_013,What is GIPE?,GIPE is the application through which internship offers are posted and the corresponding documentation (agreement and training plan) is managed.,GIPE is the application through which internship offers are posted and the corresponding documentation (agreement and training plan) is managed.,DOC_002,GIPE is the application through which internship offers are posted and the corresponding documentation (agreement and training plan) is managed.,144,DOC_002_chunk_0001,1.0
Q_014,What is GAEF?,"GAEF is the application used to track and evaluate internships, both curricular and extracurricular.","GAEF is the application used to track and evaluate internships, both curricular and extracurricular.",DOC_002,"GAEF is the application used to track and evaluate internships, both curricular and extracurricular.",100,DOC_002_chunk_0003,1.0
Q_015,How much in advance must the Career Services Office receive the internship documentation?,At least one week in advance.,The Career Services Office must receive the intership documentation at least one week in advance.,DOC_002,"The deadlines for applying for internships (curricular or extracurricular) require that one week in advance the Career Services Office must have both the company's internship request (properly completed, all correct: prior agreement active and internship offer to GIPE) as well as the student's prior documentation",314,DOC_002_chunk_0005,1.0
Q_016,Can a student substitute an enrolled elective course for an internship?,Yes.,The student can exchange a previously enrolled elective course for the internship course.,DOC_002,ELECTIVE EXCHANGE: you can exchange a previously enrolled elective course for the internship course.,100,DOC_002_chunk_0006,1.0
Q_017,By when must first-semester curricular internships be active in GIPE?,Approximately before November 14 of the academic year.,Thet curricular intership must be active in GIPE approximately before November 14 of the academic year.,DOC_002,First-semester courses must be in ACTIVE status in GIPE approximately before November 14 of the academic year.,110,DOC_002_chunk_0006,1.0
Q_018,By when must second-semester curricular internships be active in GIPE?,Approximately before April 30 of the academic year.,The curricular intership must be active in GIPE approximately before April 30 of the academic year.,DOC_002,Second-semester courses must be in ACTIVE status in GIPE approximately before April 30 of the academic year. ,109,DOC_002_chunk_0007,1.0
Q_019,What is the deadline for internship enrollment extension?,Around May 31 of the academic year.,The deadline for internship enrollment extension is around 31 May. of the academic year.,DOC_002,ENROLLMENT EXTENSION: Around May 31 of the academic year in ACTIVE status in GIPE.,82,DOC_002_chunk_0007,1.0
Q_020,Can a student close their file if they have completed all credits but are still doing extracurricular internships?,No.,"No, the student cannot close their file until the internship end date has passed.",DOC_002,"If undertaking extracurricular internships, the student cannot close their file or request their bachelor's/master's/postgraduate degree until the internship end date has passed.",178,DOC_002_chunk_0008,1.0
Q_021,What percentage of the final internship grade corresponds to the company supervisor’s evaluation?,40%.,The company supervisor’s evaluation accounts for 40% of the final grade.,DOC_002,"Company supervisor: During the last week of the internship, they must complete the evaluation form (40% of the final grade). ",125,DOC_002_chunk_0009,1.0
Q_022,What percentage of the final grade corresponds to the evaluation of the final report?,40%.,The evaluation of the final report accounts for 40% of the final grade.,DOC_002,Evaluation of the final intership report (40% of the final grade) within a maximum of fifteen calendar days from the internship end date.,137,DOC_002_chunk_0009,1.0
Q_023,What percentage of the final grade corresponds to the academic supervisor’s monitoring?,20%.,The academic supervisor monitoring accounts for 20% of the final grade.,DOC_002,Academic supervisor: Must schedule a minimum of two meetings with the student and complete two questionnaires: Monitoring (20% of the final grade) throughout the entire internship period.,187,DOC_002_chunk_0009,1.0
Q_024,When is internship registration processed?,It is processed after the training project has been approved.,The intership registration is processed after the training project has been approved and within fifteen days after it becomes active in GIPE.,DOC_002,"Registration for internships is not done on the same day as regular registration for other courses. Instead, we process it once the corresponding training project has been approved, within a maximum of fifteen days after the project is marked as active in the GIPE.",265,DOC_002_chunk_0011,1.0
Q_025,Can students carry out international internships?,Yes.,"All undergraduate, master's, or postgraduate students with an active enrollment for the current academic year can carry out international intership.",DOC_002,"All undergraduate, master's, or postgraduate students can do international internships, provided they have an active enrollment for the current academic year (not canceled for non-payment, and have not applied for their degree), during a period without academic activity (for example, during the summer after exams have already ended).",335,DOC_002_chunk_0012,1.0
Q_026,What type of insurance is required to undertake internships?,"Students must have insurance covering medical care, accidents, liability, and repatriation.","Students must have insurance covering medical care, accidents, liability, and repatriation to undertake intership.",DOC_002,"To do internships, it is mandatory to have an insurance policy that provides medical, accident, liability, and repatriation coverage.",133,DOC_002_chunk_0013,1.0
Q_027,How do students under 28 obtain the required internship insurance?,They obtain it through the mandatory insurance purchased when enrolling each academic year.,Students under 28 years obtain their intership insurance through the mandatory insurance purchased when enrolling each academic year.,DOC_002,Students in official degree programs under the age of twenty-eight purchase the mandatory insurance when they enroll each academic year; this policy already includes these coverages.,182,DOC_002_chunk_0013,1.0
Q_028,What must students over 28 do to obtain internship insurance?,They must purchase a voluntary insurance policy.,Students over 28 must purchase a voluntary intership insurance policy during or after registration.,DOC_002,Students over the age of twenty-eight and students in the Faculty's own programs must purchase a voluntary insurance policy at the time of registration or purchase it afterward. ,178,DOC_002_chunk_0014,1.0
Q_029,What is the minimum length allowed for the internship final report?,15 pages.,The minumum length of the intership report is 15 pages.,DOC_002,The intership report must have a minimum extension of 15 pages (not counting the annexes) and a maximum of 30 pages.,116,DOC_002_chunk_0010,1.0
Q_030,What is the maximun length allowed for the internship final report?,30 pages.,The maximum length of the intership report  is 30 pages.,DOC_002,The intership report must have a minimum extension of 15 pages (not counting the annexes) and a maximum of 30 pages.,116,DOC_002_chunk_0010,1.0
Q_031,How many modalities of the Bachelor’s Thesis are defined?,Four modalities.,There are four modalities of the Bachelor’s Thesis.,DOC_003,There are four modalities of Bachelor’s Thesis,46,DOC_003_chunk_0000,1.0
Q_032,Can a student carry out the Bachelor’s Thesis with an external company?,Yes.,Students can carry out the Bachelor's Thesis with an external company.,DOC_003,"Modality B: Bachelor’s Thesis carried out in companies or entities, associated with an educational cooperation agreement between the company and the university (External Internships program).",191,DOC_003_chunk_0000,1.0
Q_033,Can a student carry out the Bachelor’s Thesis during the exchange?,Yes.,Students can carry out the Bachelor's Thesis during the exchange.,DOC_003,"Modality C: Bachelor’s Thesis carried out within the framework of mobility, through an academic exchange program.",113,DOC_003_chunk_0000,1.0
Q_034,What is the maximum number of students allowed for a Bachelor’s Thesis group?,Two students.,"The Bachelor’s Thesis must be done individually, with exceptions allowing groups of two students.",DOC_003,"The Bachelor’s Thesis must be done individually. Exceptionally, the Head of Studies may authorize groups of two people, after written justification by the director of the Bachelor’s Thesis.",189,DOC_003_chunk_0000,1.0
Q_035,What is the maximum number of pages of the Bachelor's Thesis?,50 pages.,The Bachelor's Thesis can be a maximum of 50 pages.,DOC_003,The memory will have a maximum of 50 pages and may contain annexes in case you want to attach complementary information. ,121,DOC_003_chunk_0003,1.0
Q_036,How many hours does a student have to dedicate to their final degree project?,450 hours.,They must dedicate a total of 450 hours to the Bachelor's Thesis.,DOC_003,"As a guide, the student's dedication to the elaboration of works, must be 25h ' 1 credit, that is, a total of 18 ECTS25h / ECTS.450h of work.",141,DOC_003_chunk_0004,1.0
Q_037,Who evaluates the Bachelor’s Thesis?,The tribunal.,A tribunal is responsible for evaluating both the report and the defense.,DOC_003,"The tribunal is responsible for evaluating the report of the work and the defense, in accordance with the objectives established in the teaching guide of the degree, and to communicate the qualification obtained to the student and the CTFG. ",241,DOC_003_chunk_0005,1.0
Q_038,How long does the student's defense of the thesis last?,15 minuts.,The defense lasts 15 minuts.,DOC_003,"A limitation of 15 minutes is established from the start of the call for the student to present himself to the defense.  6. The indicative duration of the act will be 30 minutes, of which approximately 15 minutes will be devoted to the defense of the thesis.",258,DOC_003_chunk_0007,0.996031746031746
Q_039,How many members compose the Bachelor’s Thesis tribunal?,4 members.,"The tribunal consists of at least four members: a president, a secretary, a member, and a substitute.",DOC_003,"The court is composed, at least, of: the president, who directs the entire process of action of the court; the secretary, who guards the evaluation act; a member; a substitute.",176,DOC_003_chunk_0006,1.0
Q_040,How many keywords must the Bachelor’s Thesis include in the abstract?,Between 5 and 10 keywords.,The abstract must include between 5 and 10 keywords.,DOC_003,"Abstract and Keywords: A summary of the work in the language in which the Bachelor’s Thesis is written must be included, no more than 10 lines long, that synthesizes its essential content. Next, several keywords—no fewer than five and no more than ten—must be provided, indicating the topics addressed in the work.",314,DOC_003_chunk_0000,1.0
Q_041,How long should the abstract of the final thesis be?,Between 200 and 500 words.,The abstract should be between 200 and 500 words.,DOC_003,"If the language used in the work is one of the two official languages of the UB/UPC (Spanish and Catalan) or a third language other than English, the title, keywords, and an abstract of between 200 and 500 words must be added in English.",237,DOC_003_chunk_0009,1.0
Q_042,Where is the Bachelor’s Thesis submitted?,Through the dropbox of the Virtual Campus.,They will submit the thesis through the dropbox that will be set up in the TFG area of the Virtual Campus.,DOC_003,"The submission of the thesis will be made in PDF format and as a single file, through the dropbox that will be set up in the Bachelor’s Thesis area of the Virtual Campus.",170,DOC_003_chunk_0000,1.0
Q_043,How many credits must undergraduate students have completed to participate in mobility programs?,60 credits.,They must have completed at least 60 ECTS credits to participate in mobility programs.,DOC_004,"Calls for mobility require that UB students meet, at a minimum, the following requirements: b) provide proof of the language proficiency level required by the foreign institution, as specified in the agreement signed with the UB c) have a minimum of 60 credits completed for undergraduate studies (or the first year completed)  ",328,DOC_004_chunk_0001,1.0
Q_044,How many credits do I have to enroll in at a minimum if I go there for a semester of exchange?,Between 23 and 30 ECTS credits.,They must take between 23 and 30 ECTS credits for a semester exchange.,DOC_004,"The mobility student is a full-time student; therefore, the number of credits that a UB student must take at the host university is, as a general rule, the one set by the UB's regulations on academic standing. For undergraduate students, between 23 and 30 ECTS for semester stays or between 46 and 60 ECTS for annual stays.",323,DOC_004_chunk_0003,1.0
Q_045,How many ECTS credits are required for a full-year undergraduate mobility stay?,Between 46 and 60 ECTS credits.,Between 46 and 60 ECTS credits are required for a full-year mobility stay.,DOC_004,"The mobility student is a full-time student; therefore, the number of credits that a UB student must take at the host university is, as a general rule, the one set by the UB's regulations on academic standing. For undergraduate students, between 23 and 30 ECTS for semester stays or between 46 and 60 ECTS for annual stays.",323,DOC_004_chunk_0003,1.0
Q_046,What is the minimum number of credits required if a student has fewer than 60 credits remaining in their degree?,15 credits.,The minimum is 15 credits per semester.,DOC_004,"Only in the case of students who have fewer than 60 credits remaining to complete their studies, the minimum number of credits to be taken in international mobility will be 15 credits per semester. ",198,DOC_004_chunk_0004,1.0
Q_047,What identification document is required to participate in exchange programs?,NIE or DNI,NIE or DNI is required to participate in exchange programs.,DOC_004,One of the requirements to participate in the exchange programs is to have an NIE or DNI.,89,DOC_004_chunk_0002,1.0
Q_048,What is the total duration a student can be on exchange for each cycle of study?,12 months.,The total duration of the mobility per student may not exceed 12 months per cycle of studies,DOC_004,"If you have previously been a beneficiary of an Erasmus+ mobility (studies and/or internships), the total duration of the mobility per student may not exceed 12 months per cycle of studies (Bachelor's, Master's).",212,DOC_004_chunk_0005,1.0
Q_049,How is the selection made if there is a tie between two or more students?,They choose the student with the most credits earned.,"If there is a tie between two students, they will choose the student with the most credits earned.",DOC_004,"In the event of a tie between two or more candidates, the following tie-breaking criteria will be applied: First, applications will be ranked based on the number of ECTS credits passed, in descending order.",206,DOC_004_chunk_0009,1.0
Q_050,Within how many days must assessment activity grades be published?,14 calendar days.,Grades must be published no later than 14 calendar days after the assessment or submission.,DOC_005,Grades for assessment activities must be made public no later than 14 calendar days after the tests have been administered or the assignments submitted. ,153,DOC_005_chunk_0001,1.0
Q_051,When must the final course grade be published?,14 calendar days.,"The final grade must be published within 14 calendar days after the end of continuous assessment, single assessment, or re-evaluation.",DOC_005,"The final grade for the course must be made public within a maximum of 14 calendar days from the date the continuous assessment processes, the single assessment exam, or the re-evaluation conclude.",197,DOC_005_chunk_0002,1.0
Q_052,How many days before re-evaluation must grades be published?,5 calendar days.,Grades must be published at least 5 calendar days before re-evaluation.,DOC_005,It must be ensured that the grades are published 5 calendar days before the re-evaluation date.,95,DOC_005_chunk_0002,1.0
Q_053,What happens if I can't attend an assessment exam due to justified reasons?,The course coordinator must take the necessary measures to ensure it can take place within the same academic period. ,"If a student can't attend an assessment due to a justified reason, the course coordinator must take the necessary measures to ensure it can take place within the same academic period. ",DOC_005,"In the event that, for exceptional and duly justified reasons, a student or group of students cannot take an assessment, the course coordinator must take the necessary measures to ensure it can take place within the same academic period. ",238,DOC_005_chunk_0003,1.0
Q_054,What minimum grade is required to obtain honor distinction in a course?,9 or higher.,With a grade of 9.0 or higher may be awarded an honors grade.,DOC_005,A student with a grade of 9.0 or higher may be awarded an honors grade. ,72,DOC_005_chunk_0004,1.0
Q_055,What is the maximum percentage of honors allowed in a course?,5%.,Honors may not exceed 5% of enrolled students.,DOC_005,"The number of honors may not exceed 5% of the students enrolled in a course during the relevant academic period, unless the number of enrolled students is fewer than 20: in that case, only one honor may be awarded.  ",216,DOC_005_chunk_0004,1.0
Q_056,What does it mean to belong to Group A in a course listed in my academic transcript?,Indicates that the student ranks among the top 10% of students who passed the course over the last two academic years.,Being in Group A indicates that the student ranks among the top 10% of students who passed the course over the last two academic years.,DOC_005,Students who have passed a course are divided into five groups: the top 10% receive a grade of A; the next 25% receive a grade of B; the next 30% receive a grade of C; the next 25% receive a grade of D; and the final 10% receive a grade of E. ,243,DOC_005_chunk_0006,1.0
Q_057,Can a passed course be re-evaluated?,No.,A passed course can not be re-evaluated unless the student formally waives the passing grade.,DOC_005,"Once a course has been graded, it cannot be re-evaluated unless the student waives the grade obtained, provided it is a passing grade or an equivalent or higher grade.",167,DOC_005_chunk_0007,1.0
Q_058,Where must the grade waiver be submitted?,It must be submitted in writing to the instructor during the grade review period.,The grade waiver must be submitted in writing to the instructor during the grade review period.,DOC_005,This waiver must be submitted in writing to the relevant instructor during the grade review period and results in a grade of “not presented.” ,142,DOC_005_chunk_0007,1.0
Q_059,What happens if a student commits an irregularity during an assessment?,The grade of this assessment will be 0.,The grade of the assessment will be 0 if the student commit an irregularity.,DOC_005,"If the student commits any other irregularity in an assessment, that assessment is graded 0. If more than one irregularity occurs in the assessments of the same course during the same academic year, the final grade is 0.",220,DOC_005_chunk_0008,1.0
Q_060,What is credit recognition in university studies?,Credit recognition is the acceptance of credits obtained in previous official studies that count toward another official degree program.,Credit recognition is the acceptance of credits obtained in previous official studies that count toward another official degree program.,DOC_006,Credit recognition refers to the acceptance of credits obtained in previous official studies (at UB or other universities) that count toward the transcript of other official studies the student is pursuing for the purpose of obtaining an official degree.,254,DOC_006_chunk_0000,1.0
Q_061,Can a student have the credits for the Final Degree Project (TFG) recognized from previous studies?,Under no circumstances.,Under no circumstances can the credits corresponding to the Final Degree Project be recognized.,DOC_006,Under no circumstances can credits corresponding to the Final Degree Project be recognized.,91,DOC_006_chunk_0002,1.0
Q_062,What percentage of the credit fee is applied for recognized credits in 2025–2026?,0.2,The price of a recognized credit is 20% of the ordinary credit fee.,DOC_006,"The tuition fee is set each academic year in the Generalitat de Catalunya's Decree on Fees. For the 2025–2026 academic year, the fee for a recognized credit is 20% of the regular credit fee.",190,DOC_006_chunk_0004,1.0
Q_063,What fee is required to process a credit recognition request?,"54,54 euro.","The fee for academic record studies for validation, adaptation, transfer and recognition is 54,54 euro.",DOC_006,"To process the recognition request, regardless of whether the decision is positive or negative, the fee for academic record studies for convalidation, adaptation, transfer and recognition established, per academic year, in the Generalitat de Catalunya's Price Decree (€54.54 according to Decree 125/2025, of June 17).",317,DOC_006_chunk_0002,1.0
Q_064,How many hours of professional experience must be demonstrated in the last five years to be eligible for the recognition of 6 optional internship credits?,1500 hours.,The student must provide documentary evidence of having worked a minimum of 1500 hours during the last five years for the intership credit recognition.,DOC_006,"The student requesting this recognition must provide documentation showing that, over the past five years, they have worked a minimum of 1,500 hours under an employment contract and/or as a self-employed individual.",215,DOC_006_chunk_0007,1.0
Q_065,What is the maximum number of optional credits that can be obtained through participation in cultural or representative activities?,6 credits.,	The University of Barcelona recognizes 6 credits computable as optional for participation in institutional university activities.,DOC_006,"The University of Barcelona recognizes six credits, countable as electives, for participation in institutional university activities of a cultural, sporting, student representation, solidarity, and cooperation nature, as well as other activities organized by the Faculty.",271,DOC_006_chunk_0003,1.0
Q_066,In which two specific enrollment periods of the academic year can a student register for credits that have been officially recognized?,September and February.,Credits registrations can be completed during the September enrollment period or during the February enrollment modification/extension period.,DOC_006,"Once your credit transfer request has been approved, you must register for the transferred credits so they can be added to your academic record. You can do this during the September registration period or the February registration extension.",241,DOC_006_chunk_0005,1.0
Q_067,How many credits must a student enroll in during the first year if they study full-time?,60 credits.,A first-year student must enroll 60 credits for a full-time study.,DOC_007,"Enrollment and retention conditions during the first year of entry into a university degree program: In the first year a student enters a UB degree program, they must enroll in either 60 credits (full-time) or 30 (part-time mode).",230,DOC_007_chunk_0001,1.0
Q_068,How many credits must a student enroll in during the first year if they study part-time?,30 credits.,A first-year student must enroll 30 credits for a part-time study.,DOC_007,"Enrollment and retention conditions during the first year of entry into a university degree program: In the first year a student enters a UB degree program, they must enroll in either 60 credits (full-time) or 30 (part-time mode).",230,DOC_007_chunk_0001,1.0
Q_069,How many credits must a full-time first-year student pass to remain in the degree program?,18 credits.,They must pass at least 18 credits to remain in the degree program in a fulll-time study.,DOC_007,"If they have enrolled in 60 credits, by the end of the first year they must have passed at least 18 credits to remain in the degree program. ",141,DOC_007_chunk_0001,1.0
Q_070,How many credits must a part-time first-year student pass to remain in the degree program?,6 credits.,They must pass at least 6 credits to remain in the debree in a part-time study.,DOC_007,"If they have enrolled in 30 credits, by the end of the first year they must have passed at least 6 credits to remain in the degree program.",139,DOC_007_chunk_0002,1.0
Q_071,What is the minimum number of credits a student can enroll in after the first year?,18 credits.,"The minimum is 18 credits, unless fewer are needed to complete the degree.",DOC_007,The student may enroll in a minimum of 18 credits (unless fewer are needed to complete the program) and a maximum of 60. ,121,DOC_007_chunk_0003,1.0
Q_072,What is the maximum number of credits a student can normally enroll in per academic year?,60 credits.,The maximum is 60 credits.,DOC_007,The student may enroll in a minimum of 18 credits (unless fewer are needed to complete the program) and a maximum of 60. ,121,DOC_007_chunk_0003,1.0
Q_073,Under what condition can a student enroll in more than 60 credits?,The Head of Studies may authorize enrollment up to 78 credits in exceptional and justified cases.,The Head of Studies may authorize enrollment up to 78 credits in exceptional and justified cases.,DOC_007,"Exceptionally, and when justified, the Head of Studies, by express resolution, may authorize enrollment of more than 60 credits, up to a maximum of 78 credits per academic year.",177,DOC_007_chunk_0004,1.0
Q_074,How many credits define part-time enrollment from the second year onward?,Between 18 and 45 credits.,Part-time enrollment is between 18 and 45 credits from the second year onward.,DOC_007,"Students are considered part-time when they enroll in between 18 and 45 credits, and full-time when they enroll in between 46 and 60 credits.",141,DOC_007_chunk_0004,1.0
Q_075,How many credits define full-time enrollment from the second year onward?,Between 46 and 60 credits.,Full-time enrollment is between 46 and 60 credits from the second year onward.,DOC_007,"Students are considered part-time when they enroll in between 18 and 45 credits, and full-time when they enroll in between 46 and 60 credits.",141,DOC_007_chunk_0004,1.0
Q_076,What requirement must students meet if they want to enroll in upper-level required courses?,They must also enroll in all outstanding required courses from lower-level years.,They must also enroll in all outstanding required courses from lower-level years if the student wants to enroll upper-level courses.,DOC_007,"If the student wants to enroll in required credits from an upper-level course, they must also enroll in all outstanding required credits from lower-level courses.",162,DOC_007_chunk_0005,1.0
Q_077,What happens if a student fails to pass at least 50% of their enrolled credits for two consecutive years?,They cannot remain in the degree program.,They cannot remain in the degree program if a student fails to pass at least 50% of their enrolled credits for two consecutive years.,DOC_007,A student may not remain in the degree program for a second consecutive year of enrollment in which they fail to pass at least 50% of the credits enrolled. ,156,DOC_007_chunk_0005,1.0
Q_078,How many credits must a first-year dual-degree student enroll in full-time?,Between 60 and 90 credits.,The first-year of dual-degree students must enroll between 60 and 90 credits.,DOC_007,Enrollment and retention conditions for the first year of entry into the dual-degree undergraduate program: Full-time track: in the first year the student must enroll in a minimum of 60 credits and a maximum of 90.  ,216,DOC_007_chunk_0006,1.0
Q_079,How many credits must a first-year dual-degree student pass to remain in the program?,24 credits.,The first-year of dual-degree students must pass at least 24 credits to remain in the program.,DOC_007,"At the end of the first year, the student must have passed at least 24 credits to remain in the dual-degree program.",116,DOC_007_chunk_0006,1.0
Q_080,How many credits must a part-time dual-degree student enroll in during the first year?,Between 30 and 45 credits.,"In the first-year, thee dual-degree students must enroll between 30 and 45 credits for part-time enrollment.",DOC_007,Part-time mode: in the first year the student must enroll in between a minimum of 30 credits and a maximum of 45. ,114,DOC_007_chunk_0006,1.0
Q_081,How many credits must a part-time dual-degree student pass in the first year to remain in the program?,12 credits.,Part-time dual-degree student must pass at least 12 credits to remain in the program.,DOC_007,"At the end of the first year, the student must have passed at least 12 credits to remain in the dual-degree program. ",117,DOC_007_chunk_0007,1.0
Q_082,What is the minimum number of credits a dual-degree student can enroll in after the first year?,30 credits.,"After the first year, dual-degree students must enroll a minimum number of 30 credits, unless fewer are required to finish the degree.",DOC_007,Enrollment and retention conditions from the second year of admission to the dual-degree undergraduate track: The student may enroll in a minimum of 30 credits (unless fewer are needed to complete the degree) and a maximum of 90. ,230,DOC_007_chunk_0008,1.0
Q_083,What is the maximum number of credits a dual-degree student can enroll in per academic year?,90 credits.,The maximum is 90 credits per year for a full-time student in a dual-degree.,DOC_007,Enrollment and retention conditions from the second year of admission to the dual-degree undergraduate track: The student may enroll in a minimum of 30 credits (unless fewer are needed to complete the degree) and a maximum of 90. ,230,DOC_007_chunk_0008,1.0
Q_084,What is the maximum enrollment duration for a full-time student in a 240-credit bachelor’s degree?,A full-time student has a maximum of 7 years of effective enrollment.,A full-time student in a 240-credit bachelor’s degree has a maximum of 7 years of effective enrollment.,DOC_008,"In 240-credit degree programs, a full-time student has a maximum of seven years of effective enrollment to complete the studies.",128,DOC_008_chunk_0001,1.0
Q_085,What is the maximum enrollment duration for full-time students in dual-degree programs?,A full-time student has a maximum of 8 years of effective enrollment.,A full-time student in a dual degree program has a maximum of 8 years of effective enrollment.,DOC_008,"In dual degree programs with a total of 248 to 360 credits, the full-time student has a maximum of eight years of effective enrollment to complete the joint program. ",166,DOC_008_chunk_0001,1.0
Q_086,How many additional years are allowed for part-time students?,3 years.,Part-time students are granted 3 additional years beyond the standard limit.,DOC_008,The part-time student will have three additional years of effective enrollment to complete their studies beyond those stipulated in the previous sections. ,155,DOC_008_chunk_0002,1.0
Q_087,How is full-time enrollment defined in terms of credits?,An annual average of 46 credits or more during the first five years.,Full-time enrollment is defined as registering an annual average of 46 credits or more during the first five years.,DOC_008,"For the purposes of the preceding sections, full-time enrollment is defined as registering an annual average of forty-six credits or more during the first five years of effective enrollment;",190,DOC_008_chunk_0003,1.0
Q_088,Do awarded or transferred credits count toward retention requirements?,No.,"No, awarded and transferred credits do not count as completed credits for retention purposes.",DOC_008,"Awarded credits and transferred credits do not count as completed credits for retention purposes, nor are they taken into account when determining the number of credits that must be enrolled.",191,DOC_008_chunk_0004,1.0
Q_089,When is a student considered to have withdrawn from their studies?,When two consecutive academic years pass without enrollment.,A student is considered withdrawn when two consecutive academic years pass without enrollment.,DOC_008,"A student is considered to have withdrawn from a bachelor's degree, a university master's degree, or a dual-degree program at the bachelor's or master's level when two consecutive academic years have passed without enrollment.",226,DOC_008_chunk_0005,1.0
Q_090,What happens if a student withdraws but has already passed some credits?,They may apply for readmission to the dean's office.,They may apply for readmission to the dean's office if a student withdraws but has already passed some credits.,DOC_008,"If a student has withdrawn from the program or the dual-degree track after having passed some credits, they may apply for readmission to the dean's office. ",156,DOC_008_chunk_0005,1.0
Q_091,Are mobility students subject to permanence regulations?,No.,"No, mobility students are exempt of the permanence regulation during the year they study at another university.",DOC_008,The student participating in mobility programs is exempt from meeting the conditions established in the Permanence Regulations during the year in which they take credits at another university. ,193,DOC_008_chunk_0006,1.0
Q_092,What happens if a student does not meet permanence conditions?,They must withdraw from the program.,They must withdraw from the program if they don't meet permanence conditions.,DOC_008,"The student who does not meet the conditions for continuation must withdraw from the bachelor's degree, the master's degree, or the dual-degree program in which they were enrolled. ",181,DOC_008_chunk_0007,1.0
Q_093,How many computer labs are available at the Faculty?,15.,There are fifteen computer labs at the faculty.,DOC_009,We have fifteen computer labs with more than 350 computers. ,60,DOC_009_chunk_0001,1.0
Q_094,Where are the computer labs located?,"They are located on the ground floor of Tower II of Building 690, the basement of Tower IV of Building 690, and the second floor of Building 696.","The computer labs are located on the ground floor of Tower II of Building 690, the basement of Tower IV of Building 690, and the second floor of Building 696.",DOC_009,"These labs are located in three different areas: the ground floor of Tower II of Building 690, the basement of Tower IV of Building 690, and the second floor of Building 696. ",175,DOC_009_chunk_0001,1.0
Q_095,Who can access the computer labs?,Only members of the University.,Only members of the University who identify themselves as such can acces to the computer labs.,DOC_009,"To access them, you must identify yourself as a member of the University. ",74,DOC_009_chunk_0001,1.0
Q_096,What are the opening hours of the computer labs during the academic term?,From 8:00 AM to 9:00 PM.,The computer labs are open from 8:00 AM to 9:00 PM.,DOC_009,"During the academic term, the labs are open from 8:00 AM to 9:00 PM.",68,DOC_009_chunk_0002,1.0
Q_097,How many study rooms are available at the Faculty?,Ten rooms.,There are ten study rooms at the faculty.,DOC_009,"We provide a number of study rooms for you to enjoy a space to study or work in groups. Specifically, ten study rooms are available.",132,DOC_009_chunk_0008,1.0
Q_098,Where are the study rooms located?,"Five rooms are on the ground floor of Building 696, two rooms are on the second floor of Building 696, and three rooms are in Building 690.","Five rooms are on the ground floor of Building 696, two rooms are on the second floor of Building 696, and three rooms are in Building 690.",DOC_009,Five rooms in Building 696 (ground floor). Two rooms in Building 696 (2nd floor). Three rooms in Building 690.,110,DOC_009_chunk_0008,1.0
Q_099,What sports facilities are available through the UB Sports Service?,"Facilities include a swimming pool, tennis and paddle tennis courts, aerobics and fitness rooms, a soccer field with artificial turf, a rugby field, a multi-purpose gymnasium, and an athletic track.","UB Sport Service facilities include a swimming pool, tennis and paddle tennis courts, aerobics and fitness rooms, a soccer field with artificial turf, a rugby field, a multi-purpose gymnasium, and an athletic track.",DOC_009,"Through the UB Sports Service, we offer the university community a wide range of group exercise activities and a set of facilities such as a swimming pool, tennis and paddle tennis courts, aerobics and fitness rooms, a soccer field with artificial turf and a rugby field, a multi-purpose gymnasium and an athletic track, among others.",334,DOC_009_chunk_0003,1.0
Q_100,How much does it cost to rent a locker for an academic year?,11 euros.,The locker costs 11 euros per academic year.,DOC_009,"The rental costs 11€ per academic year (regardless of when it is requested), and you must provide your own lock.",112,DOC_009_chunk_0004,1.0
Q_101,What must students provide when renting a locker?,Their own lock.,They must provide their own lock when they rent a locker.,DOC_009,"The rental costs 11€ per academic year (regardless of when it is requested), and you must provide your own lock.",112,DOC_009_chunk_0004,1.0
Q_102,What types of events can Faculty spaces be rented for?,"They can be rented for conferences, lectures, exams, commercials, and films.","The faculty spaces can be rented for conferences, lectures, exams, commercials, and films.",DOC_009,"We make available a catalog of spaces for rent in the two Faculty buildings (Building 690 and Building 696) for anyone who may need them. These spaces can be used for conferences, lectures, exams, commercials, and films, among other possibilities.",247,DOC_009_chunk_0006,1.0
Q_103,How can the Faculty spaces be rented?,They can be rented by the hour or by the day.,The faculty spaces can be rented by the hour or by the day.,DOC_009," The various classrooms and rooms, as well as spaces like the hallways, outdoor gardens, or parking lots, can be rented by the hour or by the day.",146,DOC_009_chunk_0006,1.0
Q_104,Who can access the library on weekends and holidays?,Only members of the University of Barcelona community.,Only members of the University of Barcelona community can access the library on weekends and holidays.,DOC_009,"On weekends and holidays, only members of the UB community may access the library. ",83,DOC_009_chunk_0009,1.0
Q_105,Which external institutions' members can also access the library?,Members of Catalan public universities and the National Library of Catalonia under the CSUC agreement.,Members of Catalan public universities and the National Library of Catalonia under the CSUC agreement can access the library.,DOC_009,All members of Catalan public universities and the National Library of Catalonia can access the library under the agreement signed within the framework of the CSUC. ,165,DOC_009_chunk_0009,1.0
Q_106,What happens when the library reaches its capacity?,Access is prioritized for members of the UB community.,Access is prioritized for members of the UB community when the library reaches its capacity.,DOC_009,"Access will be prioritized for members of the UB community, with prior notice, when capacity is reached, and access restrictions will be maintained during exam periods.",168,DOC_009_chunk_0010,1.0
Q_107,How many bars are available at the Faculty?,Two.,There are two bars at the faculty.,DOC_009,"Students and teachers have two bars at their disposal, one in Building 690 and the other in Building 696.",105,DOC_009_chunk_0011,1.0
Q_108,Where are the bars located?,One is in Building 690 and the other in Building 696.,The bar are located in Building 690 and the other in Building 696.,DOC_009,"Students and teachers have two bars at their disposal, one in Building 690 and the other in Building 696.",105,DOC_009_chunk_0011,1.0
Q_109,Until what time are the bars open?,8:00 PM.,The bar service are open until 8:00 PM.,DOC_009,"The bars are open until 8:00 p.m. At lunchtime, a different daily menu is offered at very affordable prices.",108,DOC_009_chunk_0011,1.0
Q_110,When does the scholarship application period usually take place?,The application period usually runs from late March to mid-May each year.,The scholarship application period usually runs from late March to mid-May each year.,DOC_010,The scholarship application period is scheduled to run from late March to mid-May each year. ,93,DOC_010_chunk_0001,1.0
Q_111,Where must students submit the scholarship application?,On the AGAUR website.,Students must apply to the scholarship using the Generalitat form available on the AGAUR website.,DOC_010,The scholarship must be applied for within the established timeframe using the Generalitat form available on the AGAUR website.,127,DOC_010_chunk_0001,1.0
Q_112,What should students do if they are unsure about what they will study when applying for the scholarship?,They should still apply within the deadline and list the programs they consider most likely.,"If they are unsure about what to study, they should still apply the scholarship within the deadline and list the programs they consider most likely.",DOC_010,"Apply within the deadline, even if you don't know what you'll study, or even if you're not sure whether you'll study at all. List the programs you consider most likely.",168,DOC_010_chunk_0001,1.0
Q_113,Can students modify their study choices after submitting the scholarship application?,"Yes, in September.","Yes, in September the form reopens and students can modify their study choices if necessary.",DOC_010,"Apply within the deadline, even if you don't know what you'll study, or even if you're not sure whether you'll study at all. List the programs you consider most likely. In September, the form will reopen and, if necessary, you can modify your choices.",251,DOC_010_chunk_0002,1.0
Q_114,What does the tuition scholarship cover?,It consists of an exemption from the public fee for academic services for credits enrolled for the first time.,The tuition scholarship cover an exemption from the public fee for academic services for credits enrolled for the first time.,DOC_010,The tuition scholarship consists of an exemption from the public fee for academic services for credits enrolled for the first time and in accordance with the conditions set forth in the call.,191,DOC_010_chunk_0003,1.0
Q_115,What is the minimum amount for the variable scholarship?,60 euros.,The minimum variable amount is €60.,DOC_010,"Variable amount. It can be: Minimum: €60 or calculated based on family income, your grade point average, and the total budget the Ministry allocates to the scholarships.",169,DOC_010_chunk_0004,1.0
Q_116,Which factors determine the variable scholarship amount?,"It depends on family income, the student's GPA, and the total scholarship budget allocated by the Ministry.","The variable amount depends on family income, the student's GPA, and the total scholarship budget allocated by the Ministry.",DOC_010,"Variable amount. It can be: Minimum: €60 or calculated based on family income, your grade point average, and the total budget the Ministry allocates to the scholarships.",169,DOC_010_chunk_0004,1.0
Q_117,What fixed scholarship amounts can students receive?,"Students may receive €1,700 for income, €2,700 for residency, and between €50 and €125 for academic excellence.","Students may receive a fixed scholarship of €1,700 for income, €2,700 for residency, and between €50 and €125 for academic excellence.",DOC_010,"Fixed amounts: For income: €1,700. For residency: €2,700. For academic excellence: between €50 and €125.",104,DOC_010_chunk_0004,1.0
Q_118,How many credits must a student enroll in to be eligible for a scholarship?,30 credits.,Students must enroll in at least 30 credits to be eligible for a scholarship.,DOC_010,"If you enroll in fewer than 30 credits, you are not eligible for a scholarship for the current or the following academic year.",126,DOC_010_chunk_0005,1.0
Q_119,Who receives the tuition scholarship?,Everyone who is awarded the scholarship receives the tuition scholarship.,Everyone who is awarded the scholarship receives the tuition scholarship.,DOC_010,Everyone who is awarded the scholarship receives the tuition scholarship.,73,DOC_010_chunk_0006,1.0
Q_120,Who can receive the academic excellence scholarship?,Only students enrolled in full-time studies.,Only students enrolled in full-time studies can receive the academic excellence scholarship.,DOC_010,The academic excellence scholarship is only for full-time studies. ,67,DOC_010_chunk_0006,1.0
Q_121,Which income threshold allows students to receive the fixed income amount?,Only students in income threshold 1.,Only students in income threshold 1 can receive the fixed amount.,DOC_010,Only those in threshold 1 can receive the fixed income amount. ,63,DOC_010_chunk_0006,1.0
Q_122,What scholarship components can students in income threshold 2 receive?,They receive the residency amount and the variable amount.,Studnets in income threshold 2 can receive the residency amount and the variable amount.,DOC_010,Those in threshold 2 only receive the residency amount and the variable amount. ,80,DOC_010_chunk_0006,1.0
Q_123,What scholarship amounts can students enrolled in 48 to 59 credits receive?,They can receive a fixed income-based award of €350 and a fixed residency-based award of €350.,They can receive a fixed income-based award of €350 and a fixed residency-based award of €350.,DOC_010,Partial enrollments between 48 and 59 credits are eligible for the fixed income-based award (€350) and the fixed residency-based award (€350).,142,DOC_010_chunk_0007,1.0
Q_124,What scholarship amount do students enrolled in 30 to 47 credits receive?,They only receive the minimum variable award.,Students enrolled in 30 to 47 credits only receive the minimum variable award.,DOC_010,Those who enroll in 30 to 47 credits only receive the minimum variable award.,77,DOC_010_chunk_0007,1.0
Q_125,What is required for non-EU applicants to be eligible for the scholarship?,They must have a residence permit in Spain (NIE or TIE).,They must have a residence permit in Spain (NIE or TIE) to apyly for the scholarship.,DOC_010,"If you are not a citizen of the Union, you must have a residence permit in Spain, i.e., an NIE/TIE (Foreign Identification Card). A study permit is not valid.",158,DOC_010_chunk_0009,1.0
Q_126,What nationality requirement must scholarship applicants meet?,They must be Spanish citizens or nationals of a European Union member state.,They must be Spanish citizens or nationals of a European Union member state to apply for the scholarship.,DOC_010,"General requirements: Be a Spanish citizen or hold the nationality of a member state of the European Union. In the case of European Union citizens or their family members, they must have permanent resident status or provide proof of being self-employed or employed by others in Spain. ",285,DOC_010_chunk_0008,1.0
Q_127,Can a student apply for the scholarship if they already hold a degree of the same or higher level?,"No, they cannot apply.","No, they cannot apply for the scholarship if they already hold a degree of an equal or higher level.",DOC_010,"Not hold, at the time of applying for the scholarship, a degree of a level equal to or higher than the level of studies for which the scholarship is being requested.  Meet the other academic and financial requirements specified in the call. ",241,DOC_010_chunk_0010,1.0
Q_128,What academic requirement must second-year students meet to receive the scholarship?,They must pass at least 65% of the credits they enrolled in.,They must pass at least 65% of the credits they enrolled in to receive the scholarship.,DOC_010,"Second-year students and above, to be eligible for the tuition scholarship and the other amounts, must pass 65% of the credits they have enrolled in.",149,DOC_010_chunk_0010,1.0
Q_129,What happens if a student cancels their enrollment or withdraws from studies without completing the final year project within two years?,"They must return all awarded aid, including the tuition scholarship.","If a student cancels their enrollment or withdraws from studies without completing the final year project within two years, they must return all awarded aid, including the tuition scholarship.",DOC_010,"You are considered to be in breach of your obligation if you: Cancel your enrollment or withdraw from your studies and have not submitted the final year project, which is not a course on the Study Plan, within two years from the date of the scholarship award decision. In either of these cases, you will have to return all awarded aid. (including the tuition scholarship).",372,DOC_010_chunk_0011,1.0
Q_130,What happens if a student does not pass at least 40% of the enrolled credits?,They must return the awarded aid except for the tuition scholarship.," If a student does not pass at least 40% of the enrolled credits, they must return the awarded aid except for the tuition scholarship.",DOC_010,"If you do not pass 40% of the credits enrolled in a regular or extraordinary exam period. In this case, you will have to return the awarded aid, except for the tuition scholarship.",180,DOC_010_chunk_0012,1.0
Q_131,What tuition reduction do students from a general-category large family receive?,They receive a 50% reduction in tuition fees for enrolled credits.,"General categpry large family receive a 50% reduction in tuition fees for enrolled credits, as well as in academic record management and certificate issuance fees.",DOC_011,"Students who belong to a large family (general category) are entitled to a 50% reduction in tuition fees for enrolled credits, as well as in the academic record management and certificate issuance fees. Students who belong to a large family (special category) are entitled to a 100% exemption from these fees.",309,DOC_011_chunk_0001,1.0
Q_132,For which credits does the first-year exemption for honors students apply?,To all credits in which they enroll for the first time during the first year of their official university studies.,It applies to all credits in which they enroll for the first time during the first year of their official university studies.,DOC_011,The decree of the Government of Catalonia establishing the prices for the provision of academic services states that students who have been awarded an honors distinction or an extraordinary prize in upper secondary education or higher-level vocational training are entitled to full exemption from public fees for all credits in which they enroll for the first time during the first year of their official university studies.,424,DOC_011_chunk_0002,1.0
Q_133,What level of disability entitles a student to a tuition fee exemption?,33% or higher.,Students with a disability degree of 33% or higher are entitled to a tuition fee exemption.,DOC_011,"Students with a disability degree of 33% or higher, victims of terrorist acts (as well as their children and spouse), victims of gender-based violence within the context of an intimate partner relationship and their dependent children, victims of gender-based violence outside the context of an intimate partner relationship",324,DOC_011_chunk_0003,1.0
Q_134,Are victims of terrorist acts entitled to tuition fee exemptions?,Yes.,"Yes, victims of terrorist acts, as well as their children and spouse, are entitled to tuition fee exemptions.",DOC_011,"Students with a disability degree of 33% or higher, victims of terrorist acts (as well as their children and spouse), victims of gender-based violence within the context of an intimate partner relationship and their dependent children, victims of gender-based violence outside the context of an intimate partner relationship",324,DOC_011_chunk_0003,1.0
Q_135,Do victims of gender-based violence qualify for tuition fee exemptions?,Yes.,"Yes, victims of gender-based violence, both within and outside an intimate partner relationship, and their dependent children are entitled to tuition fee exemptions.",DOC_011,"Students with a disability degree of 33% or higher, victims of terrorist acts (as well as their children and spouse), victims of gender-based violence within the context of an intimate partner relationship and their dependent children, victims of gender-based violence outside the context of an intimate partner relationship",324,DOC_011_chunk_0003,1.0
Q_136,How is the tuition exemption applied for credits with honors in university studies?,Students receive an exemption from tuition fees for a number of credits equivalent to those in which they obtained honors.,Students receive an exemption from tuition fees for a number of credits equivalent to those in which they obtained honors.,DOC_011,It also establishes the application of an exemption from tuition fees for a number of credits equivalent to those in which the student has obtained a distinction with honors in university studies.,196,DOC_011_chunk_0004,1.0
